-- phpMyAdmin SQL Dump
-- version 3.2.4
-- http://www.phpmyadmin.net
--
-- Host: localhost
-- Generation Time: Jun 10, 2011 at 12:34 œ¬ŒÁ
-- Server version: 5.1.41
-- PHP Version: 5.3.1

SET SQL_MODE="NO_AUTO_VALUE_ON_ZERO";


/*!40101 SET @OLD_CHARACTER_SET_CLIENT=@@CHARACTER_SET_CLIENT */;
/*!40101 SET @OLD_CHARACTER_SET_RESULTS=@@CHARACTER_SET_RESULTS */;
/*!40101 SET @OLD_COLLATION_CONNECTION=@@COLLATION_CONNECTION */;
/*!40101 SET NAMES utf8 */;

--
-- Database: `speedymealdb`
--

-- --------------------------------------------------------

--
-- Table structure for table `branch`
--

DROP TABLE IF EXISTS `branch`;
CREATE TABLE IF NOT EXISTS `branch` (
  `bid` int(10) NOT NULL AUTO_INCREMENT,
  `mid` int(10) NOT NULL,
  `branchName` varchar(100) NOT NULL,
  `branchAddress` varchar(200) NOT NULL,
  `branchPhone` varchar(20) NOT NULL,
  `branchLocation` varchar(1024) NOT NULL DEFAULT 'rO0ABXNyACdjb20ucXEuY3N0YXIuc3BlZWR5bWVhbC5lbnRpdHkuTG9jYXRpb27ax9u7lpO6BAIA',
  `branchDeliveryArea` varchar(2048) NOT NULL,
  `areaType` int(2) NOT NULL DEFAULT '0',
  PRIMARY KEY (`bid`),
  KEY `branch_merchant` (`mid`)
) ENGINE=InnoDB  DEFAULT CHARSET=utf8 AUTO_INCREMENT=147 ;

--
-- Dumping data for table `branch`
--

INSERT INTO `branch` (`bid`, `mid`, `branchName`, `branchAddress`, `branchPhone`, `branchLocation`, `branchDeliveryArea`, `areaType`) VALUES
(27, 7, 'Â§ßËøêÊùëÂ∫ó', 'Êµ∑Ê∑ÄÂå∫Áü•Êò•Ë∑Ø29Âè∑Â§ßËøêÊùëÂ≠¶ÁîüÂÖ¨ÂØìÂ∫ïÂ±Ç‰∏ú‰æßÂïÜÈì∫', '010-82357298', 'rO0ABXNyACdjb20ucXEuY3N0YXIuc3BlZWR5bWVhbC5lbnRpdHkuTG9jYXRpb27ax9u7lpO6BAIA\r\nAkQACGxhdGl0dWRlRAAJbG9uZ2l0dWRleHBAQ/0OmcmUuEBdFgUPHwH1', 'rO0ABXNyABNqYXZhLnV0aWwuQXJyYXlMaXN0eIHSHZnHYZ0DAAFJAARzaXpleHAAAAAHdwQAAAAK\r\nc3IAJ2NvbS5xcS5jc3Rhci5zcGVlZHltZWFsLmVudGl0eS5Mb2NhdGlvbtrH27uWk7oEAgACRAAI\r\nbGF0aXR1ZGVEAAlsb25naXR1ZGV4cEBD/QxesxO+QF0XZ3cHnlpzcQB+AAJAQ/5jH4oJA0BdF17x\r\n/d6+c3EAfgACQEP+NedCmdlAXRTujRD1G3NxAH4AAkBD/ZIQOFxoQF0U9EkSmIlzcQB+AAJAQ/2S\r\nEDhcaEBdFVmJ3xFzc3EAfgACQEP75SFXaJ1AXRVglWwNb3NxAH4AAkBD++lj3EhrQF0XYbsF+ux4\r\n', 0),
(28, 7, 'Â≠¶Èô¢ÂçóË∑ØÂ∫ó', 'Âåó‰∫¨Â∏ÇË•øÂüéÂå∫Ë•øÁõ¥Èó®ÂåóÂ§ßË°ó32Âè∑Êû´ËìùÂõΩÈôÖË¥≠Áâ©‰∏≠ÂøÉBÂ∫ß1Ê•º', '010-62275657', 'rO0ABXNyACdjb20ucXEuY3N0YXIuc3BlZWR5bWVhbC5lbnRpdHkuTG9jYXRpb27ax9u7lpO6BAIA\r\nAkQACGxhdGl0dWRlRAAJbG9uZ2l0dWRleHBAQ/nY9kE2qEBdFrc1S7MA', 'rO0ABXNyABNqYXZhLnV0aWwuQXJyYXlMaXN0eIHSHZnHYZ0DAAFJAARzaXpleHAAAAAOdwQAAAAQ\r\nc3IAJ2NvbS5xcS5jc3Rhci5zcGVlZHltZWFsLmVudGl0eS5Mb2NhdGlvbtrH27uWk7oEAgACRAAI\r\nbGF0aXR1ZGVEAAlsb25naXR1ZGV4cEBD+94/u9eyQF0WsunMt9RzcQB+AAJAQ/vgiu+yq0BdF7AL\r\ny+Ydc3EAfgACQEP6nR9gF5hAXRe801qFiHNxAH4AAkBD+qfvnbItQF0YR+z+m3xzcQB+AAJAQ/nQ\r\nUpNKy0BdGEPUaybAc3EAfgACQEP5axHG0eFAXRgmLLpzLnNxAH4AAkBD+W0JF9a2QF0XysCDEm9z\r\ncQB+AAJAQ/hwuM+/xkBdF9YOlO45c3EAfgACQEP4UpNKyv9AXRaGBWgezXNxAH4AAkBD+M+/xlQN\r\nQF0WfDDTBqNzcQB+AAJAQ/lM7EHdGkBdFcxj8UEgc3EAfgACQEP54bCJoCdAXRV6zE74jHNxAH4A\r\nAkBD+pJPIn0DQF0VcnE2pAFzcQB+AAJAQ/vcSGrS3UBdFWAXl8w6eA==', 0),
(29, 7, 'ÂâçÈó®Â∫ó', 'Âåó‰∫¨Â∏ÇË•øÂüéÂå∫ÂâçÈó®Ë•øÂ§ßË°ó', '010-63034430', 'rO0ABXNyACdjb20ucXEuY3N0YXIuc3BlZWR5bWVhbC5lbnRpdHkuTG9jYXRpb27ax9u7lpO6BAIA\r\nAkQACGxhdGl0dWRlRAAJbG9uZ2l0dWRleHBAQ/M7pvDMLEBdGXiKS8Mg', 'rO0ABXNyABNqYXZhLnV0aWwuQXJyYXlMaXN0eIHSHZnHYZ0DAAFJAARzaXpleHAAAAAMdwQAAAAQ\r\nc3IAJ2NvbS5xcS5jc3Rhci5zcGVlZHltZWFsLmVudGl0eS5Mb2NhdGlvbtrH27uWk7oEAgACRAAI\r\nbGF0aXR1ZGVEAAlsb25naXR1ZGV4cEBD81jiGWUsQF0axcE/0NBzcQB+AAJAQ/JRbbDdg0BdGst9\r\nQXQ/c3EAfgACQEPyQlruYyBAXRnPqs2ehHNxAH4AAkBD8e4kNWluQF0ZGkvboKVzcQB+AAJAQ/HW\r\njGkvb0BdF/ReC04Sc3EAfgACQEPzKV6eGwlAXRf0XgtOEnNxAH4AAkBD9CWu5jH5QF0X7sv7FbVz\r\ncQB+AAJAQ/Qn+hoM8kBdGQ79ycTbc3EAfgACQEPzRTjvNNdAXRkXgtOEd3NxAH4AAkBD81aW5Yoz\r\nQF0aCAc1fmdzcQB+AAJAQ/Q3DNyHVUBdGgPEsJ6Zc3EAfgACQEP0SGrS3LFAXRrF6zE74ng=', 0),
(30, 7, 'Â∑¶ÂÆ∂Â∫ÑÂ∫ó', '‰∏≠ÂõΩÂåó‰∫¨Â∏ÇÊúùÈò≥Âå∫Â∑¶ÂÆ∂Â∫Ñ', '010-64686606', 'rO0ABXNyACdjb20ucXEuY3N0YXIuc3BlZWR5bWVhbC5lbnRpdHkuTG9jYXRpb27ax9u7lpO6BAIA\r\nAkQACGxhdGl0dWRlRAAJbG9uZ2l0dWRleHBAQ/tHovQxBEBdHJ4fZ7NF', 'rO0ABXNyABNqYXZhLnV0aWwuQXJyYXlMaXN0eIHSHZnHYZ0DAAFJAARzaXpleHAAAAABdwQAAAAK\r\nc3IAJ2NvbS5xcS5jc3Rhci5zcGVlZHltZWFsLmVudGl0eS5Mb2NhdGlvbtrH27uWk7oEAgACRAAI\r\nbGF0aXR1ZGVEAAlsb25naXR1ZGV4cEBD+NZNfw7UQF0eNedCmdl4', 0),
(35, 9, 'Áü•Êò•Ë∑ØÂ∫ó', 'Êµ∑Ê∑ÄÂå∫Áü•Êò•Ë∑Ø29Âè∑Â§ßËøêÊùëÂÖ¨ÂØì7Âè∑Ê•ºÂ∫ï', '010-81828000', 'rO0ABXNyACdjb20ucXEuY3N0YXIuc3BlZWR5bWVhbC5lbnRpdHkuTG9jYXRpb27ax9u7lpO6BAIA\r\nAkQACGxhdGl0dWRlRAAJbG9uZ2l0dWRleHBAQ/07PJClgEBdFd2OjEdh', 'rO0ABXNyABNqYXZhLnV0aWwuQXJyYXlMaXN0eIHSHZnHYZ0DAAFJAARzaXpleHAAAAABdwQAAAAK\r\nc3IAJ2NvbS5xcS5jc3Rhci5zcGVlZHltZWFsLmVudGl0eS5Mb2NhdGlvbtrH27uWk7oEAgACRAAI\r\nbGF0aXR1ZGVEAAlsb25naXR1ZGV4cEBD/K0D2alUQF0Wws5GSZB4', 0),
(36, 7, 'È≠èÂÖ¨ÊùëÂ∫ó', 'Âåó‰∫¨Â∏ÇÊµ∑Ê∑ÄÂå∫È≠èÂÖ¨ÊùëË∑Ø5Âè∑', '010-68428619', 'rO0ABXNyACdjb20ucXEuY3N0YXIuc3BlZWR5bWVhbC5lbnRpdHkuTG9jYXRpb27ax9u7lpO6BAIA\r\nAkQACGxhdGl0dWRlRAAJbG9uZ2l0dWRleHBAQ/qWqaOoPEBdFJxu/NU5', 'rO0ABXNyABNqYXZhLnV0aWwuQXJyYXlMaXN0eIHSHZnHYZ0DAAFJAARzaXpleHAAAAABdwQAAAAK\r\nc3IAJ2NvbS5xcS5jc3Rhci5zcGVlZHltZWFsLmVudGl0eS5Mb2NhdGlvbtrH27uWk7oEAgACRAAI\r\nbGF0aXR1ZGVEAAlsb25naXR1ZGV4cEBD+Ktga3qiQF0V/GVAzHl4', 0),
(37, 7, 'Â≠¶Èô¢ÂçóË∑ØÂ∫ó', 'Êµ∑Ê∑ÄÂå∫Â≠¶Èô¢ÂçóË∑Ø50Âè∑', '010-62276698', 'rO0ABXNyACdjb20ucXEuY3N0YXIuc3BlZWR5bWVhbC5lbnRpdHkuTG9jYXRpb27ax9u7lpO6BAIA\r\nAkQACGxhdGl0dWRlRAAJbG9uZ2l0dWRleHBAQ/qfyPseWEBdFmtmppBP', 'rO0ABXNyABNqYXZhLnV0aWwuQXJyYXlMaXN0eIHSHZnHYZ0DAAFJAARzaXpleHAAAAAIdwQAAAAK\r\nc3IAJ2NvbS5xcS5jc3Rhci5zcGVlZHltZWFsLmVudGl0eS5Mb2NhdGlvbtrH27uWk7oEAgACRAAI\r\nbGF0aXR1ZGVEAAlsb25naXR1ZGV4cEBD+9QXQ+lkQF0Wy6cy31BzcQB+AAJAQ/vhMrVe8kBdF64U\r\neuFIc3EAfgACQEP6ogmqo61AXRe9pRGc4HNxAH4AAkBD+XrMTviMQF0XvvSc9W9zcQB+AAJAQ/h1\r\noxpL3EBdFsYVIqb0c3EAfgACQEP5kmQbMotAXRWBMBZIQXNxAH4AAkBD+8lHBk7PQF0VVEuxrzpz\r\ncQB+AAJAQ/vUF0PpZEBdFr26ClJpeA==', 0),
(38, 11, 'Â≠¶Èô¢Ë∑ØÂ∫ó', 'Êµ∑Ê∑ÄÂå∫Â≠¶Èô¢Ë∑ØÁî≤38Âè∑ÈïøÂüéÁîµËÑëÂ§ßÂé¶', '010-82968118', 'rO0ABXNyACdjb20ucXEuY3N0YXIuc3BlZWR5bWVhbC5lbnRpdHkuTG9jYXRpb27ax9u7lpO6BAIA\r\nAkQACGxhdGl0dWRlRAAJbG9uZ2l0dWRleHBAQ/2tCaE2sEBdFsN5XgBD', 'rO0ABXNyABNqYXZhLnV0aWwuQXJyYXlMaXN0eIHSHZnHYZ0DAAFJAARzaXpleHAAAAABdwQAAAAK\r\nc3IAJ2NvbS5xcS5jc3Rhci5zcGVlZHltZWFsLmVudGl0eS5Mb2NhdGlvbtrH27uWk7oEAgACRAAI\r\nbGF0aXR1ZGVEAAlsb25naXR1ZGV4cEBD/KODJ2dNQF0XsAvL5h14', 0),
(39, 7, 'Âè≥ÂÆâÈó®Â∫ó', 'Âè≥ÂÆâÈó®Â§ßË°ó2Âè∑Ëø¶ÂçóÂÖ¨ÂØìCÂ∫ß1Â±ÇË•øÈÉ®', '010-83516485', 'rO0ABXNyACdjb20ucXEuY3N0YXIuc3BlZWR5bWVhbC5lbnRpdHkuTG9jYXRpb27ax9u7lpO6BAIA\r\nAkQACGxhdGl0dWRlRAAJbG9uZ2l0dWRleHBAQ+9osiG8REBdFzEVHsOP', 'rO0ABXNyABNqYXZhLnV0aWwuQXJyYXlMaXN0eIHSHZnHYZ0DAAFJAARzaXpleHAAAAABdwQAAAAK\r\nc3IAJ2NvbS5xcS5jc3Rhci5zcGVlZHltZWFsLmVudGl0eS5Mb2NhdGlvbtrH27uWk7oEAgACRAAI\r\nbGF0aXR1ZGVEAAlsb25naXR1ZGV4cEBD7g1FYuCgQF0YSmIj4Yd4', 0),
(40, 7, '‰∫¨ÂπøÂ∫ó', 'Âåó‰∫¨Â∏ÇÊúùÈò≥Âå∫‰∏ú‰∏âÁéØ‰∫¨ÂπøÂ§ßÂé¶È¶ñÂ±Ç', '010-65978101', 'rO0ABXNyACdjb20ucXEuY3N0YXIuc3BlZWR5bWVhbC5lbnRpdHkuTG9jYXRpb27ax9u7lpO6BAIA\r\nAkQACGxhdGl0dWRlRAAJbG9uZ2l0dWRleHBAQ/YA0LwU+EBdHYKDBr/J', 'rO0ABXNyABNqYXZhLnV0aWwuQXJyYXlMaXN0eIHSHZnHYZ0DAAFJAARzaXpleHAAAAAFdwQAAAAK\r\nc3IAJ2NvbS5xcS5jc3Rhci5zcGVlZHltZWFsLmVudGl0eS5Mb2NhdGlvbtrH27uWk7oEAgACRAAI\r\nbGF0aXR1ZGVEAAlsb25naXR1ZGV4cEBD+QkX1rZbQF0dY4hllK9zcQB+AAJAQ/h64UeuFEBdH0SR\r\nKYiQc3EAfgACQEP0iaAnUlRAXR9dzGPxQXNxAH4AAkBD9I3irDIjQF0cOYIBzWBzcQB+AAJAQ/kJ\r\nF9a2W0BdHESmIj4YeA==', 0),
(41, 10, 'ÊúùÁôæÂàÜÂ∫ó', '‰∏≠ÂõΩÂåó‰∫¨Â∏ÇÊúùÈò≥Âå∫ÊÉ†Êñ∞Ë•øË°ó23Âè∑', '400-8123123', 'rO0ABXNyACdjb20ucXEuY3N0YXIuc3BlZWR5bWVhbC5lbnRpdHkuTG9jYXRpb27ax9u7lpO6BAIA\r\nAkQACGxhdGl0dWRlRAAJbG9uZ2l0dWRleHBAQ/12XFZXzEBdGpAyaMEu', 'rO0ABXNyABNqYXZhLnV0aWwuQXJyYXlMaXN0eIHSHZnHYZ0DAAFJAARzaXpleHAAAAAKdwQAAAAK\r\nc3IAJ2NvbS5xcS5jc3Rhci5zcGVlZHltZWFsLmVudGl0eS5Mb2NhdGlvbtrH27uWk7oEAgACRAAI\r\nbGF0aXR1ZGVEAAlsb25naXR1ZGV4cEBEAHEMspXqQF0ankT6BRRzcQB+AAJARABXKbKA8UBdG09h\r\nZyMlc3EAfgACQEP/e54GD+RAXRxJul41P3NxAH4AAkBD/2pAD7qIQF0cvRJEpiJzcQB+AAJAQ/w/\r\n5ckdFUBdG6a1Cw8oc3EAfgACQEP8B91EE1VAXRhmEoOQQ3NxAH4AAkBD/RNATqSpQF0YcWCVbA1z\r\ncQB+AAJAQ/6F23azvEBdGERSP2f1c3EAfgACQEP+kqMFUyZAXRimygPEsXNxAH4AAkBEAF+uvECO\r\nQF0YshgVoHt4', 0),
(42, 10, 'Ë•øÁõ¥Èó®Â∫ó', 'Êµ∑Ê∑ÄÂå∫Ë•øÁõ¥Èó®ÂåóÂ§ßË°ó', '400-8123123', 'rO0ABXNyACdjb20ucXEuY3N0YXIuc3BlZWR5bWVhbC5lbnRpdHkuTG9jYXRpb27ax9u7lpO6BAIA\r\nAkQACGxhdGl0dWRlRAAJbG9uZ2l0dWRleHBAQ/rLzcrmIEBdFoG5nSwf', 'rO0ABXNyABNqYXZhLnV0aWwuQXJyYXlMaXN0eIHSHZnHYZ0DAAFJAARzaXpleHAAAAAIdwQAAAAK\r\nc3IAJ2NvbS5xcS5jc3Rhci5zcGVlZHltZWFsLmVudGl0eS5Mb2NhdGlvbtrH27uWk7oEAgACRAAI\r\nbGF0aXR1ZGVEAAlsb25naXR1ZGV4cEBD/RHww0wbQF0WjOcDr7hzcQB+AAJAQ/0i+tbLU0BdGHOB\r\n19v1c3EAfgACQEP6shgVoHtAXRhdD6WPcXNxAH4AAkBD+ZVXFLnLQF0YXQ+lj3FzcQB+AAJAQ/lh\r\nkRSP2kBdGFd9lVcVc3EAfgACQEP4jjaPCEZAXRbFQ2uPm3NxAH4AAkBD+XLvCuU2QF0VijL0SRNz\r\ncQB+AAJAQ/0NWluWKUBdFUEgW8AaeA==', 0),
(43, 7, '48Âè∑Â∫ó', 'Âåó‰∫¨Â∏ÇÊúùÈò≥Âå∫Âèå‰∫ïÊ°•Ë∑Ø', '010-88888888', 'rO0ABXNyACdjb20ucXEuY3N0YXIuc3BlZWR5bWVhbC5lbnRpdHkuTG9jYXRpb27ax9u7lpO6BAIA\r\nAkQACGxhdGl0dWRlRAAJbG9uZ2l0dWRleHBAQ/Ivv5LlhEBdHYW7nU2K', 'rO0ABXNyABNqYXZhLnV0aWwuQXJyYXlMaXN0eIHSHZnHYZ0DAAFJAARzaXpleHAAAAABdwQAAAAK\r\nc3IAJ2NvbS5xcS5jc3Rhci5zcGVlZHltZWFsLmVudGl0eS5Mb2NhdGlvbtrH27uWk7oEAgACRAAI\r\nbGF0aXR1ZGVEAAlsb25naXR1ZGV4cEBD8yGBWgezQF0fF9a2Wpt4', 0),
(44, 7, 'ÂπøÂÆâË∑ØÂ∫ó', 'Âåó‰∫¨Â∏Ç‰∏∞Âè∞Âå∫ÂπøÂÆâË∑Ø', '010-63471718', 'rO0ABXNyACdjb20ucXEuY3N0YXIuc3BlZWR5bWVhbC5lbnRpdHkuTG9jYXRpb27ax9u7lpO6BAIA\r\nAkQACGxhdGl0dWRlRAAJbG9uZ2l0dWRleHBAQ/Gnu9L9lEBdFER9Hw+F', 'rO0ABXNyABNqYXZhLnV0aWwuQXJyYXlMaXN0eIHSHZnHYZ0DAAFJAARzaXpleHAAAAABdwQAAAAK\r\nc3IAJ2NvbS5xcS5jc3Rhci5zcGVlZHltZWFsLmVudGl0eS5Mb2NhdGlvbtrH27uWk7oEAgACRAAI\r\nbGF0aXR1ZGVEAAlsb25naXR1ZGV4cEBD9bwBo24vQF0T9a2WpqB4', 0),
(45, 10, 'ÂèåÊ∏ÖË∑ØÂ∫ó', 'Âåó‰∫¨Â∏ÇÊµ∑Ê∑ÄÂå∫ÂèåÊ∏ÖË∑Ø88Âè∑‰∏ÄÂ±Ç', '4000-81231213', 'rO0ABXNyACdjb20ucXEuY3N0YXIuc3BlZWR5bWVhbC5lbnRpdHkuTG9jYXRpb27ax9u7lpO6BAIA\r\nAkQACGxhdGl0dWRlRAAJbG9uZ2l0dWRleHBAQ/6Cx6myDEBdFTkmYJhs', 'rO0ABXNyABNqYXZhLnV0aWwuQXJyYXlMaXN0eIHSHZnHYZ0DAAFJAARzaXpleHAAAAANdwQAAAAQ\r\nc3IAJ2NvbS5xcS5jc3Rhci5zcGVlZHltZWFsLmVudGl0eS5Mb2NhdGlvbtrH27uWk7oEAgACRAAI\r\nbGF0aXR1ZGVEAAlsb25naXR1ZGV4cEBEAbR4QjD9QF0VBnjABT5zcQB+AAJARAG7BfrrxEBdFTfJ\r\nmuklc3EAfgACQEQBGXokiUxAXRWm3vx6OnNxAH4AAkBEAQpnYg7pQF0Wjt5UtI1zcQB+AAJAQ/0F\r\nfReC1EBdFqR+z+m4c3EAfgACQEP851eSjg1AXRRQSBbwB3NxAH4AAkBD/Njslb/wQF0TSflIVdpz\r\ncQB+AAJAQ/4pH7P6bkBdEz6rNnoQc3EAfgACQEP/l3hXKbNAXRLjaPCEYnNxAH4AAkBEAAD7qIJr\r\nQF0UH8jzI3lzcQB+AAJARAC3LFGXokBdFCVbA1vVc3EAfgACQEQA01qFh5RAXRRnjABT43NxAH4A\r\nAkBEAaisXBP9QF0UYc/+sHV4', 0),
(46, 7, 'ÂÖâÂΩ©Ë∑ØÊÖßÊó∂Ê¨£Âõ≠Â∫ó', 'Âåó‰∫¨Â∏Ç‰∏∞Âè∞Âå∫ÂÖâÂΩ©Ë∑ØÊÖßÊó∂Ê¨£Âõ≠10Âè∑Ê•ºÈ¶ñÂ±Ç', '010-67233049', 'rO0ABXNyACdjb20ucXEuY3N0YXIuc3BlZWR5bWVhbC5lbnRpdHkuTG9jYXRpb27ax9u7lpO6BAIA\r\nAkQACGxhdGl0dWRlRAAJbG9uZ2l0dWRleHBAQ+zrnX1R6EBdGnrYjg/b', 'rO0ABXNyABNqYXZhLnV0aWwuQXJyYXlMaXN0eIHSHZnHYZ0DAAFJAARzaXpleHAAAAAFdwQAAAAK\r\nc3IAJ2NvbS5xcS5jc3Rhci5zcGVlZHltZWFsLmVudGl0eS5Mb2NhdGlvbtrH27uWk7oEAgACRAAI\r\nbGF0aXR1ZGVEAAlsb25naXR1ZGV4cEBD7uCf6Gg0QF0ZCmdiDulzcQB+AAJAQ+8LjPv8ZUBdHL3j\r\n+717c3EAfgACQEPrZvkzXSVAXRztu1ndwnNxAH4AAkBD7C2MKkVOQF0YUzsQd0dzcQB+AAJAQ+8/\r\nUvwmV0BdGGnXNC7ceA==', 0),
(47, 10, 'Âåó‰∏âÁéØ‰∏úË∑ØÂ∫ó', 'ÊúùÈò≥Âå∫Âåó‰∏âÁéØ‰∏úË∑Ø', '4000-81231213', 'rO0ABXNyACdjb20ucXEuY3N0YXIuc3BlZWR5bWVhbC5lbnRpdHkuTG9jYXRpb27ax9u7lpO6BAIA\r\nAkQACGxhdGl0dWRlRAAJbG9uZ2l0dWRleHBAQ/t576FRDEBdHJv39PH9', 'rO0ABXNyABNqYXZhLnV0aWwuQXJyYXlMaXN0eIHSHZnHYZ0DAAFJAARzaXpleHAAAAABdwQAAAAK\r\nc3IAJ2NvbS5xcS5jc3Rhci5zcGVlZHltZWFsLmVudGl0eS5Mb2NhdGlvbtrH27uWk7oEAgACRAAI\r\nbGF0aXR1ZGVEAAlsb25naXR1ZGV4cEBD+eSjgydnQF0dy7wrlNl4', 0),
(48, 7, '‰∏äÂú∞‰∏úÈáåÂ∫ó', 'Âåó‰∫¨Â∏ÇÊµ∑Ê∑ÄÂå∫‰∏äÂú∞‰∏úÈáå‰∏ÄÂå∫ÁßëË¥∏Â§ßÂé¶‰∏ÄÂ±Ç', '010-62968220', 'rO0ABXNyACdjb20ucXEuY3N0YXIuc3BlZWR5bWVhbC5lbnRpdHkuTG9jYXRpb27ax9u7lpO6BAIA\r\nAkQACGxhdGl0dWRlRAAJbG9uZ2l0dWRleHBARAQm/58WBEBdFChdH0US', 'rO0ABXNyABNqYXZhLnV0aWwuQXJyYXlMaXN0eIHSHZnHYZ0DAAFJAARzaXpleHAAAAABdwQAAAAK\r\nc3IAJ2NvbS5xcS5jc3Rhci5zcGVlZHltZWFsLmVudGl0eS5Mb2NhdGlvbtrH27uWk7oEAgACRAAI\r\nbGF0aXR1ZGVEAAlsb25naXR1ZGV4cEBEAPRzBAObQF0XldTo+wF4', 0),
(49, 10, 'ÈòúÊàêË∑ØÂàÜÂ∫ó', 'Âåó‰∫¨Â∏ÇÊµ∑Ê∑ÄÂå∫ÈòúÊàêË∑Ø51-2Âè∑', '010-68411129', 'rO0ABXNyACdjb20ucXEuY3N0YXIuc3BlZWR5bWVhbC5lbnRpdHkuTG9jYXRpb27ax9u7lpO6BAIA\r\nAkQACGxhdGl0dWRlRAAJbG9uZ2l0dWRleHBAQ/ZkeP8heEBdE6TCSjYA', 'rO0ABXNyABNqYXZhLnV0aWwuQXJyYXlMaXN0eIHSHZnHYZ0DAAFJAARzaXpleHAAAAAGdwQAAAAK\r\nc3IAJ2NvbS5xcS5jc3Rhci5zcGVlZHltZWFsLmVudGl0eS5Mb2NhdGlvbtrH27uWk7oEAgACRAAI\r\nbGF0aXR1ZGVEAAlsb25naXR1ZGV4cEBD92BreqJeQF0Tyhi9ZidzcQB+AAJAQ/dga3qiXkBdFMzM\r\nzMzNc3EAfgACQEP0H8jzI3lAXRTSXt0FKXNxAH4AAkBD9CyQgcLjQF0SzPa+N99zcQB+AAJAQ/W9\r\n+PRzBEBdEtKIznA7c3EAfgACQEP3aPCEYfpAXRLo+wC8vng=', 0),
(50, 7, 'ÂèåÊ°•È§êÂéÖ', 'ÂèåÊ°•Ë∑Ø2Âè∑Èô¢', '010-11111111', 'rO0ABXNyACdjb20ucXEuY3N0YXIuc3BlZWR5bWVhbC5lbnRpdHkuTG9jYXRpb27ax9u7lpO6BAIA\r\nAkQACGxhdGl0dWRlRAAJbG9uZ2l0dWRleHBAQ/SUxOUV8EBdJRrOAksG', 'rO0ABXNyABNqYXZhLnV0aWwuQXJyYXlMaXN0eIHSHZnHYZ0DAAFJAARzaXpleHAAAAAFdwQAAAAK\r\nc3IAJ2NvbS5xcS5jc3Rhci5zcGVlZHltZWFsLmVudGl0eS5Mb2NhdGlvbtrH27uWk7oEAgACRAAI\r\nbGF0aXR1ZGVEAAlsb25naXR1ZGV4cEBD9ugpSaVlQF0kKPXCj1xzcQB+AAJAQ/Z4GD+R5kBdJ0p3\r\nHJcPc3EAfgACQEPzb349HMFAXSeFnIyTIXNxAH4AAkBD8mgJ1JUYQF0lk7OmixpzcQB+AAJAQ/Sy\r\n6cy31EBdI4L9deIEeA==', 0),
(52, 10, 'ÊúùÂ§ñÂ∫ó', 'Âåó‰∫¨Â∏ÇÊúùÈò≥Âå∫ÊúùÈò≥Èó®Â§ñÂ§ßË°ó12Âè∑', '010-85633873', 'rO0ABXNyACdjb20ucXEuY3N0YXIuc3BlZWR5bWVhbC5lbnRpdHkuTG9jYXRpb27ax9u7lpO6BAIA\r\nAkQACGxhdGl0dWRlRAAJbG9uZ2l0dWRleHBAQ/YeUcTJaEBdHIy49Klv', 'rO0ABXNyABNqYXZhLnV0aWwuQXJyYXlMaXN0eIHSHZnHYZ0DAAFJAARzaXpleHAAAAAGdwQAAAAK\r\nc3IAJ2NvbS5xcS5jc3Rhci5zcGVlZHltZWFsLmVudGl0eS5Mb2NhdGlvbtrH27uWk7oEAgACRAAI\r\nbGF0aXR1ZGVEAAlsb25naXR1ZGV4cEBD94ZuQ6p6QF0cipvP1L9zcQB+AAJAQ/eFcpsoD0BdHYT0\r\nxubac3EAfgACQEP0+wC8vmJAXR2FSKm8/XNxAH4AAkBD9On2qT8pQF0b3JxNqQBzcQB+AAJAQ/Zj\r\nc2zfJkBdG8d5prULc3EAfgACQEP3j0cwQDpAXRvEsJ6Y3Xg=', 0),
(53, 7, '‰∫¶Â∫ÑÂ∫ó', 'Âåó‰∫¨Â∏ÇÂ§ßÂÖ¥Âå∫Ë•øÁéØÂåóË∑Ø18Âè∑', '010-67897941', 'rO0ABXNyACdjb20ucXEuY3N0YXIuc3BlZWR5bWVhbC5lbnRpdHkuTG9jYXRpb27ax9u7lpO6BAIA\r\nAkQACGxhdGl0dWRlRAAJbG9uZ2l0dWRleHBAQ+cBERL1MEBdHtj+0b6Y', 'rO0ABXNyABNqYXZhLnV0aWwuQXJyYXlMaXN0eIHSHZnHYZ0DAAFJAARzaXpleHAAAAABdwQAAAAK\r\nc3IAJ2NvbS5xcS5jc3Rhci5zcGVlZHltZWFsLmVudGl0eS5Mb2NhdGlvbtrH27uWk7oEAgACRAAI\r\nbGF0aXR1ZGVEAAlsb25naXR1ZGV4cEBD7GeMAFPjQF0esZpBX0Z4', 0),
(54, 7, 'ÈªÑÂ∫ÑË∑ØÂ∫ó', 'Âåó‰∫¨Â∏ÇÁü≥ÊôØÂ±±Âå∫ÈªÑÂ∫ÑË∑Ø', '010-22222222', 'rO0ABXNyACdjb20ucXEuY3N0YXIuc3BlZWR5bWVhbC5lbnRpdHkuTG9jYXRpb27ax9u7lpO6BAIA\r\nAkQACGxhdGl0dWRlRAAJbG9uZ2l0dWRleHBAQ/J8CnJ7wEBdDsR93A5V', 'rO0ABXNyABNqYXZhLnV0aWwuQXJyYXlMaXN0eIHSHZnHYZ0DAAFJAARzaXpleHAAAAAFdwQAAAAK\r\nc3IAJ2NvbS5xcS5jc3Rhci5zcGVlZHltZWFsLmVudGl0eS5Mb2NhdGlvbtrH27uWk7oEAgACRAAI\r\nbGF0aXR1ZGVEAAlsb25naXR1ZGV4cEBD8qdH2AXmQF0MaqjrRjVzcQB+AAJAQ/bVJ+UhV0BdDE0r\r\nK/21c3EAfgACQEP3EXLvCuVAXRD1wo9cKXNxAH4AAkBD8Jiy6cy4QF0RIqbz9TBzcQB+AAJAQ+8t\r\n9QXQ+kBdEAPEsJ6ZeA==', 0),
(55, 10, 'Â§ßÊàêË∑ØÂ∫ó', 'Âåó‰∫¨Â∏Ç‰∏∞Âè∞Âå∫Â§ßÊàêË∑Ø', '4000-81231213', 'rO0ABXNyACdjb20ucXEuY3N0YXIuc3BlZWR5bWVhbC5lbnRpdHkuTG9jYXRpb27ax9u7lpO6BAIA\r\nAkQACGxhdGl0dWRlRAAJbG9uZ2l0dWRleHBAQ/H2gTokdEBdEGLN+CJd', 'rO0ABXNyABNqYXZhLnV0aWwuQXJyYXlMaXN0eIHSHZnHYZ0DAAFJAARzaXpleHAAAAAHdwQAAAAK\r\nc3IAJ2NvbS5xcS5jc3Rhci5zcGVlZHltZWFsLmVudGl0eS5Mb2NhdGlvbtrH27uWk7oEAgACRAAI\r\nbGF0aXR1ZGVEAAlsb25naXR1ZGV4cEBD9CemNzbOQF0QXTmW+oNzcQB+AAJAQ/QjD8+A3EBdEiNj\r\nslcAc3EAfgACQEPwZOzposZAXRIqbz9S/HNxAH4AAkBD779ycTakQF0RQ79ycTdzcQB+AAJAQ++p\r\n0fYBeUBdDsJ6Y3Ntc3EAfgACQEPyBg/keZJAXQ7ZFocrAnNxAH4AAkBD9DLKV6eHQF0PFBIFvAJ4\r\n', 0),
(56, 7, 'ÁßëÂÖ¥Ë∑ØÂ∫ó', 'Âåó‰∫¨Â∏Ç‰∏∞Âè∞Âå∫ÊûóÂ≥∞Ë∑Ø', '010-63787602', 'rO0ABXNyACdjb20ucXEuY3N0YXIuc3BlZWR5bWVhbC5lbnRpdHkuTG9jYXRpb27ax9u7lpO6BAIA\r\nAkQACGxhdGl0dWRlRAAJbG9uZ2l0dWRleHBAQ+rjcHtvFEBdEjrUxrpx', 'rO0ABXNyABNqYXZhLnV0aWwuQXJyYXlMaXN0eIHSHZnHYZ0DAAFJAARzaXpleHAAAAABdwQAAAAK\r\nc3IAJ2NvbS5xcS5jc3Rhci5zcGVlZHltZWFsLmVudGl0eS5Mb2NhdGlvbtrH27uWk7oEAgACRAAI\r\nbGF0aXR1ZGVEAAlsb25naXR1ZGV4cEBD6ZJkGzKLQF0VnQpnYg94', 0),
(57, 10, 'ÂØå‰∏∞Ê°•Â∫ó', 'ÂØå‰∏∞Ê°•Ë•øÂçóËßíÂ∑•ÂïÜËÅîÂ§ßÂé¶ÊóÅ', '4000-81231213', 'rO0ABXNyACdjb20ucXEuY3N0YXIuc3BlZWR5bWVhbC5lbnRpdHkuTG9jYXRpb27ax9u7lpO6BAIA\r\nAkQACGxhdGl0dWRlRAAJbG9uZ2l0dWRleHBAQ+r1rEZWJEBdEh7DbUqV', 'rO0ABXNyABNqYXZhLnV0aWwuQXJyYXlMaXN0eIHSHZnHYZ0DAAFJAARzaXpleHAAAAABdwQAAAAK\r\nc3IAJ2NvbS5xcS5jc3Rhci5zcGVlZHltZWFsLmVudGl0eS5Mb2NhdGlvbtrH27uWk7oEAgACRAAI\r\nbGF0aXR1ZGVEAAlsb25naXR1ZGV4cEBD6jeKsMiKQF0ULJCBwuN4', 0),
(58, 7, 'È¶ñÈÉΩÊú∫Âú∫2Âè∑Ëà™Á´ôÊ•ºÂ∫ó', 'È¶ñÈÉΩÂõΩÈôÖÊú∫Âú∫2Âè∑Ëà™Á´ôÊ•ºB1', '010-64563139', 'rO0ABXNyACdjb20ucXEuY3N0YXIuc3BlZWR5bWVhbC5lbnRpdHkuTG9jYXRpb27ax9u7lpO6BAIA\r\nAkQACGxhdGl0dWRlRAAJbG9uZ2l0dWRleHBARApcmzuFFEBdJeIXmnAZ', 'rO0ABXNyABNqYXZhLnV0aWwuQXJyYXlMaXN0eIHSHZnHYZ0DAAFJAARzaXpleHAAAAAFdwQAAAAK\r\nc3IAJ2NvbS5xcS5jc3Rhci5zcGVlZHltZWFsLmVudGl0eS5Mb2NhdGlvbtrH27uWk7oEAgACRAAI\r\nbGF0aXR1ZGVEAAlsb25naXR1ZGV4cEBEC87ZFocrQF0kt/4IrvtzcQB+AAJARAvGACnxa0BdJh/y\r\n5I6Kc3EAfgACQEQGBg/keZJAXSihN/OMVHNxAH4AAkBEBJxNqQA/QF0nglWwNb1zcQB+AAJARAdE\r\nkSmIkEBdJHoPkJa8eA==', 0),
(59, 10, '58Âè∑Â∫ó', 'Âåó‰∫¨ÊúùÈò≥Âå∫‰∏ú‰∏âÁéØË∑Ø58Âè∑', '4000-81231213', 'rO0ABXNyACdjb20ucXEuY3N0YXIuc3BlZWR5bWVhbC5lbnRpdHkuTG9jYXRpb27ax9u7lpO6BAIA\r\nAkQACGxhdGl0dWRlRAAJbG9uZ2l0dWRleHBAQ/Ft3dndnEBdHYu/gLhR', 'rO0ABXNyABNqYXZhLnV0aWwuQXJyYXlMaXN0eIHSHZnHYZ0DAAFJAARzaXpleHAAAAABdwQAAAAK\r\nc3IAJ2NvbS5xcS5jc3Rhci5zcGVlZHltZWFsLmVudGl0eS5Mb2NhdGlvbtrH27uWk7oEAgACRAAI\r\nbGF0aXR1ZGVEAAlsb25naXR1ZGV4cEBD8cy31BdEQF0f/wRXfZV4', 0),
(60, 7, 'ÂêéÊµ∑Â∫ó', 'Âåó‰∫¨Â∏ÇË•øÂüéÂå∫Âú∞ÂÆâÈó®Â§ñÂ§ßË°ó178Âè∑', '010-84035361', 'rO0ABXNyACdjb20ucXEuY3N0YXIuc3BlZWR5bWVhbC5lbnRpdHkuTG9jYXRpb27ax9u7lpO6BAIA\r\nAkQACGxhdGl0dWRlRAAJbG9uZ2l0dWRleHBAQ/ea5ereuEBdGS2tHsPD', 'rO0ABXNyABNqYXZhLnV0aWwuQXJyYXlMaXN0eIHSHZnHYZ0DAAFJAARzaXpleHAAAAABdwQAAAAK\r\nc3IAJ2NvbS5xcS5jc3Rhci5zcGVlZHltZWFsLmVudGl0eS5Mb2NhdGlvbtrH27uWk7oEAgACRAAI\r\nbGF0aXR1ZGVEAAlsb25naXR1ZGV4cEBD+NFjNIK/QF0ZKtga3ql4', 0),
(61, 7, 'Ë•øÁõ¥Èó®Â∫ó', 'Âåó‰∫¨Â∏ÇË•øÂüéÂå∫Ë•øÁõ¥Èó®ÂçóÂ§ßË°ó15Âè∑', '010-68313159', 'rO0ABXNyACdjb20ucXEuY3N0YXIuc3BlZWR5bWVhbC5lbnRpdHkuTG9jYXRpb27ax9u7lpO6BAIA\r\nAkQACGxhdGl0dWRlRAAJbG9uZ2l0dWRleHBAQ/e0xtsm3EBdFq89Huo7', 'rO0ABXNyABNqYXZhLnV0aWwuQXJyYXlMaXN0eIHSHZnHYZ0DAAFJAARzaXpleHAAAAAEdwQAAAAK\r\nc3IAJ2NvbS5xcS5jc3Rhci5zcGVlZHltZWFsLmVudGl0eS5Mb2NhdGlvbtrH27uWk7oEAgACRAAI\r\nbGF0aXR1ZGVEAAlsb25naXR1ZGV4cEBD96OYIBzWQF0VKDkELYxzcQB+AAJAQ/XV5KODJ0BdFU+1\r\nSflIc3EAfgACQEP12icoYvZAXRhdjXnQpnNxAH4AAkBD+KYiPhhqQF0YWsRxtHh4', 0),
(62, 7, 'ÊòéÊòüÂ∫ó', 'Âåó‰∫¨Â∏Ç‰∏úÂüéÂå∫‰∏úÂõõÂåóË°ó535Âè∑', '010-64058962', 'rO0ABXNyACdjb20ucXEuY3N0YXIuc3BlZWR5bWVhbC5lbnRpdHkuTG9jYXRpb27ax9u7lpO6BAIA\r\nAkQACGxhdGl0dWRlRAAJbG9uZ2l0dWRleHBAQ/Y8/npObEBdGptNHvfN', 'rO0ABXNyABNqYXZhLnV0aWwuQXJyYXlMaXN0eIHSHZnHYZ0DAAFJAARzaXpleHAAAAAFdwQAAAAK\r\nc3IAJ2NvbS5xcS5jc3Rhci5zcGVlZHltZWFsLmVudGl0eS5Mb2NhdGlvbtrH27uWk7oEAgACRAAI\r\nbGF0aXR1ZGVEAAlsb25naXR1ZGV4cEBD9iM5wOvuQF0Zul41P31zcQB+AAJAQ/kaIeo1k0BdGcs+\r\nV1Okc3EAfgACQEP5IvrWy1NAXRsn5SFXaXNxAH4AAkBD9I2OyVv/QF0bggHNX5pzcQB+AAJAQ/Se\r\n7L+xW0BdGa8QI2OyeA==', 0),
(63, 7, 'ÂÆâË¥ûÂ∫ó', 'Âåó‰∫¨Â∏ÇÊúùÈò≥Âå∫ÂÆâÂçéÊ°•', '010-63567249', 'rO0ABXNyACdjb20ucXEuY3N0YXIuc3BlZWR5bWVhbC5lbnRpdHkuTG9jYXRpb27ax9u7lpO6BAIA\r\nAkQACGxhdGl0dWRlRAAJbG9uZ2l0dWRleHBAQ/wUiZXqlEBdGa8NHuN6', 'rO0ABXNyABNqYXZhLnV0aWwuQXJyYXlMaXN0eIHSHZnHYZ0DAAFJAARzaXpleHAAAAAFdwQAAAAK\r\nc3IAJ2NvbS5xcS5jc3Rhci5zcGVlZHltZWFsLmVudGl0eS5Mb2NhdGlvbtrH27uWk7oEAgACRAAI\r\nbGF0aXR1ZGVEAAlsb25naXR1ZGV4cEBD/uQ6p5u7QF0ZwrlNlAhzcQB+AAJAQ/7f+CK77UBdGJt7\r\n8ejmc3EAfgACQEP6OinHeadAXRihDgIhQnNxAH4AAkBD+gr6LwWnQF0aQV9F4LVzcQB+AAJAQ/7x\r\nVhkRSUBdGkFfReC1eA==', 0),
(64, 11, 'ÂÆâË¥ûÂ∫ó', 'Âåó‰∫¨Â∏ÇÊúùÈò≥Âå∫Âåó‰∏âÁéØ‰∏≠Ë∑ØÂÆâË¥ûË•øÈáå‰∫îÂå∫4Âè∑Ê•ºÂÆâË¥ûÂçéËÅîÂïÜÂé¶', '010-64425081', 'rO0ABXNyACdjb20ucXEuY3N0YXIuc3BlZWR5bWVhbC5lbnRpdHkuTG9jYXRpb27ax9u7lpO6BAIA\r\nAkQACGxhdGl0dWRlRAAJbG9uZ2l0dWRleHBAQ/wT2JGaWEBdGcIdHrrP', 'rO0ABXNyABNqYXZhLnV0aWwuQXJyYXlMaXN0eIHSHZnHYZ0DAAFJAARzaXpleHAAAAABdwQAAAAK\r\nc3IAJ2NvbS5xcS5jc3Rhci5zcGVlZHltZWFsLmVudGl0eS5Mb2NhdGlvbtrH27uWk7oEAgACRAAI\r\nbGF0aXR1ZGVEAAlsb25naXR1ZGV4cEBD/eEIw/PgQF0ZbbDdgv14', 0),
(65, 11, 'Ë•øÂùùÊ≤≥Â∫ó', 'Âåó‰∫¨Â∏ÇÊúùÈò≥Âå∫Ë•øÂùùÊ≤≥ÂçóË∑Ø', '010-64402827', 'rO0ABXNyACdjb20ucXEuY3N0YXIuc3BlZWR5bWVhbC5lbnRpdHkuTG9jYXRpb27ax9u7lpO6BAIA\r\nAkQACGxhdGl0dWRlRAAJbG9uZ2l0dWRleHBAQ/rdXIBomEBdG7W3vMcF', 'rO0ABXNyABNqYXZhLnV0aWwuQXJyYXlMaXN0eIHSHZnHYZ0DAAFJAARzaXpleHAAAAABdwQAAAAK\r\nc3IAJ2NvbS5xcS5jc3Rhci5zcGVlZHltZWFsLmVudGl0eS5Mb2NhdGlvbtrH27uWk7oEAgACRAAI\r\nbGF0aXR1ZGVEAAlsb25naXR1ZGV4cEBD+tbLU1AJQF0cb2lEZzh4', 0),
(66, 11, 'ÂêéÊµ∑Â∫ó', 'Âåó‰∫¨Â∏ÇË•øÂüéÂå∫Âú∞ÂÆâÈó®Â§ñÂ§ßË°ó', '010-64019905', 'rO0ABXNyACdjb20ucXEuY3N0YXIuc3BlZWR5bWVhbC5lbnRpdHkuTG9jYXRpb27ax9u7lpO6BAIA\r\nAkQACGxhdGl0dWRlRAAJbG9uZ2l0dWRleHBAQ/ih++XKpEBdGV19HsDh', 'rO0ABXNyABNqYXZhLnV0aWwuQXJyYXlMaXN0eIHSHZnHYZ0DAAFJAARzaXpleHAAAAABdwQAAAAK\r\nc3IAJ2NvbS5xcS5jc3Rhci5zcGVlZHltZWFsLmVudGl0eS5Mb2NhdGlvbtrH27uWk7oEAgACRAAI\r\nbGF0aXR1ZGVEAAlsb25naXR1ZGV4cEBD+F0PpY9xQF0Y4cWCVbB4', 0),
(67, 11, '30Âè∑Â∫ó', 'Âåó‰∫¨Â∏ÇË•øÂüéÂå∫ÈòúÂüéÈó®Â§ñÂ§ßË°ó', '010-68067330', 'rO0ABXNyACdjb20ucXEuY3N0YXIuc3BlZWR5bWVhbC5lbnRpdHkuTG9jYXRpb27ax9u7lpO6BAIA\r\nAkQACGxhdGl0dWRlRAAJbG9uZ2l0dWRleHBAQ/ZFdA5PmEBdFrE8tQmj', 'rO0ABXNyABNqYXZhLnV0aWwuQXJyYXlMaXN0eIHSHZnHYZ0DAAFJAARzaXpleHAAAAABdwQAAAAK\r\nc3IAJ2NvbS5xcS5jc3Rhci5zcGVlZHltZWFsLmVudGl0eS5Mb2NhdGlvbtrH27uWk7oEAgACRAAI\r\nbGF0aXR1ZGVEAAlsb25naXR1ZGV4cEBD983dbgTAQF0WEOAiFCd4', 0),
(68, 11, '‰∏úÊñπÊñ∞Â§©Âú∞Â∫ó', 'Âåó‰∫¨Â∏Ç‰∏úÂüéÂå∫‰∏úÈïøÂÆâË°ó‰∏úÊñπÊñ∞Â§©Âú∞Âú∞‰∏ã1Â±Ç', '010-85186162', 'rO0ABXNyACdjb20ucXEuY3N0YXIuc3BlZWR5bWVhbC5lbnRpdHkuTG9jYXRpb27ax9u7lpO6BAIA\r\nAkQACGxhdGl0dWRlRAAJbG9uZ2l0dWRleHBAQ/SwmfnznEBdGkm9HrKk', 'rO0ABXNyABNqYXZhLnV0aWwuQXJyYXlMaXN0eIHSHZnHYZ0DAAFJAARzaXpleHAAAAAEdwQAAAAK\r\nc3IAJ2NvbS5xcS5jc3Rhci5zcGVlZHltZWFsLmVudGl0eS5Mb2NhdGlvbtrH27uWk7oEAgACRAAI\r\nbGF0aXR1ZGVEAAlsb25naXR1ZGV4cEBD9J9Aood/QF0bh5Pdl/ZzcQB+AAJAQ/buYx+KCUBdG3Eh\r\nq0tzc3EAfgACQEP23QUpNK1AXRmjwhGH6HNxAH4AAkBD88ejmCAdQF0Z7P6be/J4', 0),
(69, 11, 'Ë•øÂçïÂ∫ó', 'Âåó‰∫¨Â∏ÇË•øÂüéÂå∫Ë•øÂçïÂåóË°ó131Âè∑', '010-59716301', 'rO0ABXNyACdjb20ucXEuY3N0YXIuc3BlZWR5bWVhbC5lbnRpdHkuTG9jYXRpb27ax9u7lpO6BAIA\r\nAkQACGxhdGl0dWRlRAAJbG9uZ2l0dWRleHBAQ/RV/mAGsEBdF979Htft', 'rO0ABXNyABNqYXZhLnV0aWwuQXJyYXlMaXN0eIHSHZnHYZ0DAAFJAARzaXpleHAAAAAFdwQAAAAK\r\nc3IAJ2NvbS5xcS5jc3Rhci5zcGVlZHltZWFsLmVudGl0eS5Mb2NhdGlvbtrH27uWk7oEAgACRAAI\r\nbGF0aXR1ZGVEAAlsb25naXR1ZGV4cEBD9Dv3JxNqQF0YVQhwEQpzcQB+AAJAQ/atga3qiUBdGDvN\r\nNahYc3EAfgACQEP2ixmkFfRAXRctyxRl6XNxAH4AAkBD82icoYvWQF0XDArQPZtzcQB+AAJAQ/OG\r\nwiaAnUBdGEytV7x/eA==', 0),
(70, 11, 'ÂπøÂÆâÈó®ÂçóÊª®Ê≤≥Ë∑ØÂ∫ó', 'Âåó‰∫¨Â∏ÇÂÆ£Ê≠¶Âå∫È∏≠Â≠êÊ°•Ë∑Ø', '010-11111112', 'rO0ABXNyACdjb20ucXEuY3N0YXIuc3BlZWR5bWVhbC5lbnRpdHkuTG9jYXRpb27ax9u7lpO6BAIA\r\nAkQACGxhdGl0dWRlRAAJbG9uZ2l0dWRleHBAQ/DJUPdv6EBdFksVbRtE', 'rO0ABXNyABNqYXZhLnV0aWwuQXJyYXlMaXN0eIHSHZnHYZ0DAAFJAARzaXpleHAAAAABdwQAAAAK\r\nc3IAJ2NvbS5xcS5jc3Rhci5zcGVlZHltZWFsLmVudGl0eS5Mb2NhdGlvbtrH27uWk7oEAgACRAAI\r\nbGF0aXR1ZGVEAAlsb25naXR1ZGV4cEBD8PAwfyPNQF0Xhhpg1FZ4', 0),
(71, 11, '7Âè∑Â∫ó', 'Âåó‰∫¨Â∏Ç‰∏úÂüéÂå∫Â∑¶ÂÆâÈó®ÂÜÖÂ§ßË°ó', '010-22222223', 'rO0ABXNyACdjb20ucXEuY3N0YXIuc3BlZWR5bWVhbC5lbnRpdHkuTG9jYXRpb27ax9u7lpO6BAIA\r\nAkQACGxhdGl0dWRlRAAJbG9uZ2l0dWRleHBAQ/AdtCIP+EBdG/gNHpi4', 'rO0ABXNyABNqYXZhLnV0aWwuQXJyYXlMaXN0eIHSHZnHYZ0DAAFJAARzaXpleHAAAAABdwQAAAAK\r\nc3IAJ2NvbS5xcS5jc3Rhci5zcGVlZHltZWFsLmVudGl0eS5Mb2NhdGlvbtrH27uWk7oEAgACRAAI\r\nbGF0aXR1ZGVEAAlsb25naXR1ZGV4cEBD8TZQHiWFQF0bmHP/rB14', 0),
(72, 11, '5Âè∑Â∫ó', 'Âåó‰∫¨Â∏ÇË•øÂüéÂå∫ÂçóÁ∫¨Ë∑Ø', '010-33565613', 'rO0ABXNyACdjb20ucXEuY3N0YXIuc3BlZWR5bWVhbC5lbnRpdHkuTG9jYXRpb27ax9u7lpO6BAIA\r\nAkQACGxhdGl0dWRlRAAJbG9uZ2l0dWRleHBAQ/EUZ8DKHEBdGSJtHsRv', 'rO0ABXNyABNqYXZhLnV0aWwuQXJyYXlMaXN0eIHSHZnHYZ0DAAFJAARzaXpleHAAAAABdwQAAAAK\r\nc3IAJ2NvbS5xcS5jc3Rhci5zcGVlZHltZWFsLmVudGl0eS5Mb2NhdGlvbtrH27uWk7oEAgACRAAI\r\nbGF0aXR1ZGVEAAlsb25naXR1ZGV4cEBD8jWTX8O1QF0ZyEtdzGR4', 0),
(73, 11, 'ÂÖ¨‰∏ªÂùüÂ∫ó', '‰∏≠ÂõΩÂåó‰∫¨Â∏ÇÊµ∑Ê∑ÄÂå∫Â§çÂÖ¥Ë∑ØÁî≤23Âè∑', '010-68298777', 'rO0ABXNyACdjb20ucXEuY3N0YXIuc3BlZWR5bWVhbC5lbnRpdHkuTG9jYXRpb27ax9u7lpO6BAIA\r\nAkQACGxhdGl0dWRlRAAJbG9uZ2l0dWRleHBAQ/TtATA3PEBdEwo1UIp1', 'rO0ABXNyABNqYXZhLnV0aWwuQXJyYXlMaXN0eIHSHZnHYZ0DAAFJAARzaXpleHAAAAAGdwQAAAAK\r\nc3IAJ2NvbS5xcS5jc3Rhci5zcGVlZHltZWFsLmVudGl0eS5Mb2NhdGlvbtrH27uWk7oEAgACRAAI\r\nbGF0aXR1ZGVEAAlsb25naXR1ZGV4cEBD9LCemNzbQF0VuGbkOqhzcQB+AAJAQ/f1g6U7jkBdFbhm\r\n5Dqoc3EAfgACQEP3wb2lEZ1AXRDopx3mm3NxAH4AAkBD8XPqs2ehQF0QxubZvk1zcQB+AAJAQ/Gf\r\nK6nR9kBdE88DB/I9c3EAfgACQEPyf6GgzxhAXRU8s+V1Ong=', 0),
(74, 11, '11Âè∑Â∫ó', 'Âåó‰∫¨Â∏Ç‰∏∞Âè∞Âå∫Âçó‰∏âÁéØ‰∏úË∑Ø29Âè∑', '010-67657363', 'rO0ABXNyACdjb20ucXEuY3N0YXIuc3BlZWR5bWVhbC5lbnRpdHkuTG9jYXRpb27ax9u7lpO6BAIA\r\nAkQACGxhdGl0dWRlRAAJbG9uZ2l0dWRleHBAQ+3Czg95fEBdGzGrGOKE', 'rO0ABXNyABNqYXZhLnV0aWwuQXJyYXlMaXN0eIHSHZnHYZ0DAAFJAARzaXpleHAAAAAFdwQAAAAK\r\nc3IAJ2NvbS5xcS5jc3Rhci5zcGVlZHltZWFsLmVudGl0eS5Mb2NhdGlvbtrH27uWk7oEAgACRAAI\r\nbGF0aXR1ZGVEAAlsb25naXR1ZGV4cEBD7lWwNb1RQF0ZPQfIS15zcQB+AAJAQ+t3W4EwFkBdGW+o\r\nLofTc3EAfgACQEPsCnxaxHJAXR1vfj0cwXNxAH4AAkBD7zYmLLpzQF0dQm/nGKhzcQB+AAJAQ+/a\r\nURnOB0BdHMEA5q/NeA==', 0),
(75, 11, 'Âª∫Â§ñSOHOÂ∫ó', 'Âåó‰∫¨Â∏ÇÊúùÈò≥Âå∫Âª∫Â§ñsoho', '010-59002410', 'rO0ABXNyACdjb20ucXEuY3N0YXIuc3BlZWR5bWVhbC5lbnRpdHkuTG9jYXRpb27ax9u7lpO6BAIA\r\nAkQACGxhdGl0dWRlRAAJbG9uZ2l0dWRleHBAQ/QSncGfkEBdHUWoMlrj', 'rO0ABXNyABNqYXZhLnV0aWwuQXJyYXlMaXN0eIHSHZnHYZ0DAAFJAARzaXpleHAAAAABdwQAAAAK\r\nc3IAJ2NvbS5xcS5jc3Rhci5zcGVlZHltZWFsLmVudGl0eS5Mb2NhdGlvbtrH27uWk7oEAgACRAAI\r\nbGF0aXR1ZGVEAAlsb25naXR1ZGV4cEBD9oh6jWTYQF0edXko4Mp4', 0),
(76, 11, '‰∏úÁõ¥Èó®Â§ñÂ§ßË°óÂ∫ó', 'Âåó‰∫¨Â∏Ç‰∏úÂüéÂå∫‰∏úÁõ¥Èó®Â§ñÂ§ßË°ó48Âè∑', '010-84477891', 'rO0ABXNyACdjb20ucXEuY3N0YXIuc3BlZWR5bWVhbC5lbnRpdHkuTG9jYXRpb27ax9u7lpO6BAIA\r\nAkQACGxhdGl0dWRlRAAJbG9uZ2l0dWRleHBAQ/h7K4MhJEBdG+ctHpm6', 'rO0ABXNyABNqYXZhLnV0aWwuQXJyYXlMaXN0eIHSHZnHYZ0DAAFJAARzaXpleHAAAAAGdwQAAAAK\r\nc3IAJ2NvbS5xcS5jc3Rhci5zcGVlZHltZWFsLmVudGl0eS5Mb2NhdGlvbtrH27uWk7oEAgACRAAI\r\nbGF0aXR1ZGVEAAlsb25naXR1ZGV4cEBD+TBqKxcFQF0a+A3DNyJzcQB+AAJAQ/lfmcOLBUBdHH75\r\n2yLRc3EAfgACQEP5Da4+bExAXRzhcZ9/jXNxAH4AAkBD99deIEbHQF0dCO3lS0lzcQB+AAJAQ/cV\r\nDa4+bEBdHOn2qT8pc3EAfgACQEP29ugpSaVAXRre0ojOcHg=', 0),
(77, 11, 'Êû´ÂÖ∞Ë¥≠Áâ©‰∏≠ÂøÉÂ∫ó', 'Âåó‰∫¨Â∏Ç‰∏úÂüéÂå∫ÊñáÊÖßÊ°•Êû´ÁØÆË¥≠Áâ©‰∏≠ÂøÉ', '010-65590400', 'rO0ABXNyACdjb20ucXEuY3N0YXIuc3BlZWR5bWVhbC5lbnRpdHkuTG9jYXRpb27ax9u7lpO6BAIA\r\nAkQACGxhdGl0dWRlRAAJbG9uZ2l0dWRleHBAQ/pc78lJBEBdFrAGM6vr', 'rO0ABXNyABNqYXZhLnV0aWwuQXJyYXlMaXN0eIHSHZnHYZ0DAAFJAARzaXpleHAAAAAFdwQAAAAK\r\nc3IAJ2NvbS5xcS5jc3Rhci5zcGVlZHltZWFsLmVudGl0eS5Mb2NhdGlvbtrH27uWk7oEAgACRAAI\r\nbGF0aXR1ZGVEAAlsb25naXR1ZGV4cEBD+xqfvnbJQF0V4qwyIpJzcQB+AAJAQ/l8w5/9YUBdFgoo\r\nd+5Oc3EAfgACQEP5a2WpqAVAXRblijL0SXNxAH4AAkBD+dLxqfvnQF0Xd69kBjpzcQB+AAJAQ/sW\r\nXTmW+0BdF3p4bCJoeA==', 0),
(78, 11, '55545Â∫ó', 'Âåó‰∫¨Â∏ÇË•øÂüéÂå∫Êñ∞Ë°óÂè£ÂçóÂ§ßË°ó24Âè∑', '010-66171021', 'rO0ABXNyACdjb20ucXEuY3N0YXIuc3BlZWR5bWVhbC5lbnRpdHkuTG9jYXRpb27ax9u7lpO6BAIA\r\nAkQACGxhdGl0dWRlRAAJbG9uZ2l0dWRleHBAQ/h223Vy6EBdF9O9Htib', 'rO0ABXNyABNqYXZhLnV0aWwuQXJyYXlMaXN0eIHSHZnHYZ0DAAFJAARzaXpleHAAAAABdwQAAAAK\r\nc3IAJ2NvbS5xcS5jc3Rhci5zcGVlZHltZWFsLmVudGl0eS5Mb2NhdGlvbtrH27uWk7oEAgACRAAI\r\nbGF0aXR1ZGVEAAlsb25naXR1ZGV4cEBD9+hoM8YAQF0YRChN/ON4', 0),
(79, 11, 'ËãèÂ∑ûË°óÂ∫ó', 'Âåó‰∫¨Â∏ÇÊµ∑Ê∑ÄÂå∫Êµ∑Ê∑ÄÂçóË∑Ø13Âè∑', '010-62625945', 'rO0ABXNyACdjb20ucXEuY3N0YXIuc3BlZWR5bWVhbC5lbnRpdHkuTG9jYXRpb27ax9u7lpO6BAIA\r\nAkQACGxhdGl0dWRlRAAJbG9uZ2l0dWRleHBAQ/zk0FfpvEBdE15bqsBM', 'rO0ABXNyABNqYXZhLnV0aWwuQXJyYXlMaXN0eIHSHZnHYZ0DAAFJAARzaXpleHAAAAABdwQAAAAK\r\nc3IAJ2NvbS5xcS5jc3Rhci5zcGVlZHltZWFsLmVudGl0eS5Mb2NhdGlvbtrH27uWk7oEAgACRAAI\r\nbGF0aXR1ZGVEAAlsb25naXR1ZGV4cEBD+65oXbdrQF0T1Gsmv4d4', 0),
(80, 11, '46546Â∫ó', 'Âåó‰∫¨Â∏Ç‰∏∞Âè∞Âå∫‰∏úÂ§ßË°ó', '010-63773159', 'rO0ABXNyACdjb20ucXEuY3N0YXIuc3BlZWR5bWVhbC5lbnRpdHkuTG9jYXRpb27ax9u7lpO6BAIA\r\nAkQACGxhdGl0dWRlRAAJbG9uZ2l0dWRleHBAQ+29dgbzgEBdExcO02Oh', 'rO0ABXNyABNqYXZhLnV0aWwuQXJyYXlMaXN0eIHSHZnHYZ0DAAFJAARzaXpleHAAAAABdwQAAAAK\r\nc3IAJ2NvbS5xcS5jc3Rhci5zcGVlZHltZWFsLmVudGl0eS5Mb2NhdGlvbtrH27uWk7oEAgACRAAI\r\nbGF0aXR1ZGVEAAlsb25naXR1ZGV4cEBD8CtA9mpVQF0Sm1IAfdR4', 0),
(81, 11, 'È©¨ÂÆ∂Â†°Ë•øË∑ØÂ∫ó', 'Âåó‰∫¨Â∏Ç‰∏∞Âè∞Âå∫È©¨ÂÆ∂Â†°Ë•øË∑Ø', '010-46546426', 'rO0ABXNyACdjb20ucXEuY3N0YXIuc3BlZWR5bWVhbC5lbnRpdHkuTG9jYXRpb27ax9u7lpO6BAIA\r\nAkQACGxhdGl0dWRlRAAJbG9uZ2l0dWRleHBAQ+qWr49oaEBdFp5dHkhI', 'rO0ABXNyABNqYXZhLnV0aWwuQXJyYXlMaXN0eIHSHZnHYZ0DAAFJAARzaXpleHAAAAAFdwQAAAAK\r\nc3IAJ2NvbS5xcS5jc3Rhci5zcGVlZHltZWFsLmVudGl0eS5Mb2NhdGlvbtrH27uWk7oEAgACRAAI\r\nbGF0aXR1ZGVEAAlsb25naXR1ZGV4cEBD6rB0p3HJQF0Vt78ejmFzcQB+AAJAQ+wF5fMOgEBdFcto\r\nSL62c3EAfgACQEPryUcGTs9AXRehIvrWy3NxAH4AAkBD6diDujREQF0XcUuctoVzcQB+AAJAQ+mt\r\nQsPJ70BdFZX+2mYTeA==', 0),
(82, 11, 'Áü≥ÊôØÂ±±Ë∑ØÂ∫ó', 'Âåó‰∫¨Â∏ÇÁü≥ÊôØÂ±±Âå∫Áü≥ÊôØÂ±±Ë∑ØÔºàÂçéËÅîÂïÜÂé¶1Â±ÇÔºâ', '010-68666688', 'rO0ABXNyACdjb20ucXEuY3N0YXIuc3BlZWR5bWVhbC5lbnRpdHkuTG9jYXRpb27ax9u7lpO6BAIA\r\nAkQACGxhdGl0dWRlRAAJbG9uZ2l0dWRleHBAQ/QSzk+/eEBdDgXIjme1', 'rO0ABXNyABNqYXZhLnV0aWwuQXJyYXlMaXN0eIHSHZnHYZ0DAAFJAARzaXpleHAAAAABdwQAAAAK\r\nc3IAJ2NvbS5xcS5jc3Rhci5zcGVlZHltZWFsLmVudGl0eS5Mb2NhdGlvbtrH27uWk7oEAgACRAAI\r\nbGF0aXR1ZGVEAAlsb25naXR1ZGV4cEBD9/u9eyAyQF0OMspXp4d4', 0),
(83, 11, 'Áü≥ÊùøÊàøÂçóË∑ØÂ∫ó', 'Âåó‰∫¨Â∏ÇÊµ∑Ê∑ÄÂå∫Áü≥ÊùøÊàøÂçóË∑Ø', '010-56994986', 'rO0ABXNyACdjb20ucXEuY3N0YXIuc3BlZWR5bWVhbC5lbnRpdHkuTG9jYXRpb27ax9u7lpO6BAIA\r\nAkQACGxhdGl0dWRlRAAJbG9uZ2l0dWRleHBARAIYkNGCMEBdFoDVH90n', 'rO0ABXNyABNqYXZhLnV0aWwuQXJyYXlMaXN0eIHSHZnHYZ0DAAFJAARzaXpleHAAAAABdwQAAAAK\r\nc3IAJ2NvbS5xcS5jc3Rhci5zcGVlZHltZWFsLmVudGl0eS5Mb2NhdGlvbtrH27uWk7oEAgACRAAI\r\nbGF0aXR1ZGVEAAlsb25naXR1ZGV4cEBEA0Y0l7dBQF0YQtjCpFV4', 0),
(84, 11, 'ÈÖí‰ªôÊ°•Â∫ó', 'Âåó‰∫¨Â∏ÇÊúùÈò≥Âå∫ÈÖíÈ≤úÊ°•Ë∑ØÁî≤10Âè∑Â¶ôÂÖ∏Êó∂Â∞öÂπøÂú∫2Â±Ç', '010-64385885', 'rO0ABXNyACdjb20ucXEuY3N0YXIuc3BlZWR5bWVhbC5lbnRpdHkuTG9jYXRpb27ax9u7lpO6BAIA\r\nAkQACGxhdGl0dWRlRAAJbG9uZ2l0dWRleHBAQ/4iuhlICEBdH1v8Rlwn', 'rO0ABXNyABNqYXZhLnV0aWwuQXJyYXlMaXN0eIHSHZnHYZ0DAAFJAARzaXpleHAAAAAHdwQAAAAK\r\nc3IAJ2NvbS5xcS5jc3Rhci5zcGVlZHltZWFsLmVudGl0eS5Mb2NhdGlvbtrH27uWk7oEAgACRAAI\r\nbGF0aXR1ZGVEAAlsb25naXR1ZGV4cEBD/oGY8dPtQF0ePRzBAOdzcQB+AAJAQ/+Q6p5u60BdHcb7\r\n0nPWc3EAfgACQEQAPUaya/hAXR4S13MY/HNxAH4AAkBD/yDZlFtsQF0gClJpWWBzcQB+AAJAQ/3V\r\nPN3W4EBdIEV32VVxc3EAfgACQEP9JEpiI+JAXR/xFy7wrnNxAH4AAkBD/SRKYiPiQF0e4EwFkhB4\r\n', 0),
(85, 12, 'Â±ïËßàÈ¶ÜÂ∫ó', 'Âåó‰∫¨Â∏ÇË•øÂüéÂå∫Ë•øÂõõÂåóÂ§ßË°ó24Âè∑', '010-88440088', 'rO0ABXNyACdjb20ucXEuY3N0YXIuc3BlZWR5bWVhbC5lbnRpdHkuTG9jYXRpb27ax9u7lpO6BAIA\r\nAkQACGxhdGl0dWRlRAAJbG9uZ2l0dWRleHBAQ/dFmb82HEBdF9+zzdUT', 'rO0ABXNyABNqYXZhLnV0aWwuQXJyYXlMaXN0eIHSHZnHYZ0DAAFJAARzaXpleHAAAAABdwQAAAAK\r\nc3IAJ2NvbS5xcS5jc3Rhci5zcGVlZHltZWFsLmVudGl0eS5Mb2NhdGlvbtrH27uWk7oEAgACRAAI\r\nbGF0aXR1ZGVEAAlsb25naXR1ZGV4cEBD9p1zQu27QF0YuFHrhR94', 0),
(86, 12, 'ÁéãÂ∫ú‰∫ïÂ§ßË°óÂ∫ó', 'Âåó‰∫¨Â∏Ç‰∏úÂüéÂå∫ÁéãÂ∫ú‰∫ïÂ§ßË°ó18Âè∑', '010-51663328', 'rO0ABXNyACdjb20ucXEuY3N0YXIuc3BlZWR5bWVhbC5lbnRpdHkuTG9jYXRpb27ax9u7lpO6BAIA\r\nAkQACGxhdGl0dWRlRAAJbG9uZ2l0dWRleHBAQ/YgY3STOEBdGlRJHzMG', 'rO0ABXNyABNqYXZhLnV0aWwuQXJyYXlMaXN0eIHSHZnHYZ0DAAFJAARzaXpleHAAAAAGdwQAAAAK\r\nc3IAJ2NvbS5xcS5jc3Rhci5zcGVlZHltZWFsLmVudGl0eS5Mb2NhdGlvbtrH27uWk7oEAgACRAAI\r\nbGF0aXR1ZGVEAAlsb25naXR1ZGV4cEBD9Yc/+sHTQF0aWHk92X9zcQB+AAJAQ/WHP/rB00BdGcps\r\noDxLc3EAfgACQEP20TlDF61AXRnL5hz/63NxAH4AAkBD9tfG+9J0QF0aejmCAc1zcQB+AAJAQ/bE\r\ncbR4QkBdGpkwvg3tc3EAfgACQEP1hz/6wdNAXRqN4qwyI3g=', 0),
(92, 12, 'ÂíåÂπ≥ÈáåÂ∫ó', 'Âåó‰∫¨Â∏Ç‰∏úÂüéÂå∫ÂíåÂπ≥Èáå‰∏≠Ë°ó17Âè∑', '010-84215517', 'rO0ABXNyACdjb20ucXEuY3N0YXIuc3BlZWR5bWVhbC5lbnRpdHkuTG9jYXRpb27ax9u7lpO6BAIA\r\nAkQACGxhdGl0dWRlRAAJbG9uZ2l0dWRleHBAQ/qQcjO5bEBdGtL3aznZ', 'rO0ABXNyABNqYXZhLnV0aWwuQXJyYXlMaXN0eIHSHZnHYZ0DAAFJAARzaXpleHAAAAABdwQAAAAK\r\nc3IAJ2NvbS5xcS5jc3Rhci5zcGVlZHltZWFsLmVudGl0eS5Mb2NhdGlvbtrH27uWk7oEAgACRAAI\r\nbGF0aXR1ZGVEAAlsb25naXR1ZGV4cEBD+wlByCFsQF0aJ3xFy7x4', 0),
(93, 12, 'ÁæéÊúØÈ¶ÜÂ∫ó', 'Âåó‰∫¨Â∏Ç‰∏úÂüéÂå∫ÁæéÊúØÈ¶Ü‰∏úË°ó8Âè∑(‰∏âËÅîÈü¨Â•ã‰π¶Â∫óÂØπÈù¢)', '010-65073338', 'rO0ABXNyACdjb20ucXEuY3N0YXIuc3BlZWR5bWVhbC5lbnRpdHkuTG9jYXRpb27ax9u7lpO6BAIA\r\nAkQACGxhdGl0dWRlRAAJbG9uZ2l0dWRleHBAQ/fBt0v0KEBdGhax4st/', 'rO0ABXNyABNqYXZhLnV0aWwuQXJyYXlMaXN0eIHSHZnHYZ0DAAFJAARzaXpleHAAAAABdwQAAAAK\r\nc3IAJ2NvbS5xcS5jc3Rhci5zcGVlZHltZWFsLmVudGl0eS5Mb2NhdGlvbtrH27uWk7oEAgACRAAI\r\nbGF0aXR1ZGVEAAlsb25naXR1ZGV4cEBD9yIpH7P6QF0ZUdaMaS94', 0),
(95, 12, 'ÂÆ£Â§ñÂ§ßË°óÂ∫ó', 'Âåó‰∫¨Â∏ÇÂÆ£Ê≠¶Âå∫ÂÆ£Â§ñÂ§ßË°ó52Âè∑', '010-51663328', 'rO0ABXNyACdjb20ucXEuY3N0YXIuc3BlZWR5bWVhbC5lbnRpdHkuTG9jYXRpb27ax9u7lpO6BAIA\r\nAkQACGxhdGl0dWRlRAAJbG9uZ2l0dWRleHBAQ/J9oUDFjEBdF+KskZnq', 'rO0ABXNyABNqYXZhLnV0aWwuQXJyYXlMaXN0eIHSHZnHYZ0DAAFJAARzaXpleHAAAAAGdwQAAAAK\r\nc3IAJ2NvbS5xcS5jc3Rhci5zcGVlZHltZWFsLmVudGl0eS5Mb2NhdGlvbtrH27uWk7oEAgACRAAI\r\nbGF0aXR1ZGVEAAlsb25naXR1ZGV4cEBD8hV2icoZQF0XGvOhTOxzcQB+AAJAQ/PJRwZOz0BdFxgq\r\nmTC+c3EAfgACQEPzvCuU2UBAXRkaya/h2nNxAH4AAkBD8jfek56uQF0Y+/xlQMxzcQB+AAJAQ/EO\r\nAiFCcEBdGPv8ZUDMc3EAfgACQEPw0bcXWOJAXRcdvKlpGng=', 0),
(96, 12, 'ÂâçÈó®Â∫ó', 'Âåó‰∫¨Â∏ÇÂ¥áÊñáÂå∫ÂâçÈó®Â§ßË°óÁî≤2Âè∑', '010-67685286', 'rO0ABXNyACdjb20ucXEuY3N0YXIuc3BlZWR5bWVhbC5lbnRpdHkuTG9jYXRpb27ax9u7lpO6BAIA\r\nAkQACGxhdGl0dWRlRAAJbG9uZ2l0dWRleHBAQ/M6u7biJEBdGZpVwI16', 'rO0ABXNyABNqYXZhLnV0aWwuQXJyYXlMaXN0eIHSHZnHYZ0DAAFJAARzaXpleHAAAAABdwQAAAAK\r\nc3IAJ2NvbS5xcS5jc3Rhci5zcGVlZHltZWFsLmVudGl0eS5Mb2NhdGlvbtrH27uWk7oEAgACRAAI\r\nbGF0aXR1ZGVEAAlsb25naXR1ZGV4cEBD86WPcSGrQF0ZTw2ETQF4', 0),
(98, 12, 'Â¥áÊñáÈó®Â∫ó', 'Âåó‰∫¨Â∏ÇÂ¥áÊñáÂå∫Á•üÂ§ñÂ§ßË°ó1Âè∑', '010-67051464', 'rO0ABXNyACdjb20ucXEuY3N0YXIuc3BlZWR5bWVhbC5lbnRpdHkuTG9jYXRpb27ax9u7lpO6BAIA\r\nAkQACGxhdGl0dWRlRAAJbG9uZ2l0dWRleHBAQ/NJbW8usEBdGtAAjT3S', 'rO0ABXNyABNqYXZhLnV0aWwuQXJyYXlMaXN0eIHSHZnHYZ0DAAFJAARzaXpleHAAAAABdwQAAAAK\r\nc3IAJ2NvbS5xcS5jc3Rhci5zcGVlZHltZWFsLmVudGl0eS5Mb2NhdGlvbtrH27uWk7oEAgACRAAI\r\nbGF0aXR1ZGVEAAlsb25naXR1ZGV4cEBD86PsAvL6QF0aImgJ1JV4', 0),
(99, 12, 'Âª∫ÂõΩÈó®Â§ñÂ§ßË°óÂ∫ó', 'Âåó‰∫¨Â∏ÇÊúùÈò≥Âå∫Âª∫ÂõΩÈó®Â§ñÂ§ßË°ó16Âè∑', '010-65691145', 'rO0ABXNyACdjb20ucXEuY3N0YXIuc3BlZWR5bWVhbC5lbnRpdHkuTG9jYXRpb27ax9u7lpO6BAIA\r\nAkQACGxhdGl0dWRlRAAJbG9uZ2l0dWRleHBAQ/QZlh7ozEBdHDMdHpUo', 'rO0ABXNyABNqYXZhLnV0aWwuQXJyYXlMaXN0eIHSHZnHYZ0DAAFJAARzaXpleHAAAAAFdwQAAAAK\r\nc3IAJ2NvbS5xcS5jc3Rhci5zcGVlZHltZWFsLmVudGl0eS5Mb2NhdGlvbtrH27uWk7oEAgACRAAI\r\nbGF0aXR1ZGVEAAlsb25naXR1ZGV4cEBD9NdJJ5E/QF0bOMVDa5BzcQB+AAJAQ/Wd3B55aEBdGzMz\r\nMzMzc3EAfgACQEP1UDMeOn5AXR1dTo+wDHNxAH4AAkBD8jp9qk/KQF0dPldTo+xzcQB+AAJAQ/IK\r\n+i8Fp0BdGwjt5UtJeA==', 0),
(100, 12, 'Â§©Ê°•ÂçóË∑ØÂ∫ó', 'Âåó‰∫¨Â∏ÇË•øÂüéÂå∫Â§©Ê°•ÂçóË∑Ø113Âè∑', '010-41635416', 'rO0ABXNyACdjb20ucXEuY3N0YXIuc3BlZWR5bWVhbC5lbnRpdHkuTG9jYXRpb27ax9u7lpO6BAIA\r\nAkQACGxhdGl0dWRlRAAJbG9uZ2l0dWRleHBAQ/DcHHo22EBdGX4WOg3z', 'rO0ABXNyABNqYXZhLnV0aWwuQXJyYXlMaXN0eIHSHZnHYZ0DAAFJAARzaXpleHAAAAAHdwQAAAAK\r\nc3IAJ2NvbS5xcS5jc3Rhci5zcGVlZHltZWFsLmVudGl0eS5Mb2NhdGlvbtrH27uWk7oEAgACRAAI\r\nbGF0aXR1ZGVEAAlsb25naXR1ZGV4cEBD8NnoPkJbQF0Yr08NhE1zcQB+AAJAQ/GgezUqhEBdGLkj\r\nopx4c3EAfgACQEPxthuwX69AXRm09hZyMnNxAH4AAkBD8MAFPi1iQF0ZrHEMspZzcQB+AAJAQ/C1\r\nNQCSzUBdGfWtlqagc3EAfgACQEPvuOS4e91AXRnxaxHG0nNxAH4AAkBD75HmRvFWQF0YtQsPJ7t4\r\n', 0),
(101, 12, 'Ê∞∏ÂÆöÈó®Â§ñÂ∫ó', 'Âåó‰∫¨Â∏ÇÊ∞∏ÂÆöÈó®Â§ñÂ§ßË°óÁî≤101', '010-46463586', 'rO0ABXNyACdjb20ucXEuY3N0YXIuc3BlZWR5bWVhbC5lbnRpdHkuTG9jYXRpb27ax9u7lpO6BAIA\r\nAkQACGxhdGl0dWRlRAAJbG9uZ2l0dWRleHBAQ+4DU5YaPEBdGU9tHsG8', 'rO0ABXNyABNqYXZhLnV0aWwuQXJyYXlMaXN0eIHSHZnHYZ0DAAFJAARzaXpleHAAAAABdwQAAAAK\r\nc3IAJ2NvbS5xcS5jc3Rhci5zcGVlZHltZWFsLmVudGl0eS5Mb2NhdGlvbtrH27uWk7oEAgACRAAI\r\nbGF0aXR1ZGVEAAlsb25naXR1ZGV4cEBD7V9F4LThQF0at4A0bcZ4', 0),
(102, 12, 'ÊûóÂ≥∞Ë∑ØÂ∫ó', 'Âåó‰∫¨Â∏Ç‰∏∞Âè∞Âå∫ÊûóÂ≥∞Ë∑Ø', '010-63781847', 'rO0ABXNyACdjb20ucXEuY3N0YXIuc3BlZWR5bWVhbC5lbnRpdHkuTG9jYXRpb27ax9u7lpO6BAIA\r\nAkQACGxhdGl0dWRlRAAJbG9uZ2l0dWRleHBAQ+r9Kr3IMEBdEmkoTDqB', 'rO0ABXNyABNqYXZhLnV0aWwuQXJyYXlMaXN0eIHSHZnHYZ0DAAFJAARzaXpleHAAAAABdwQAAAAK\r\nc3IAJ2NvbS5xcS5jc3Rhci5zcGVlZHltZWFsLmVudGl0eS5Mb2NhdGlvbtrH27uWk7oEAgACRAAI\r\nbGF0aXR1ZGVEAAlsb25naXR1ZGV4cEBD7Bo24uscQF0QtTUAks14', 0),
(103, 12, 'Ê¨ßÂ∞öÂ∫ó', 'Âåó‰∫¨Â∏ÇÊµ∑Ê∑ÄÂå∫', '010-87964824', 'rO0ABXNyACdjb20ucXEuY3N0YXIuc3BlZWR5bWVhbC5lbnRpdHkuTG9jYXRpb27ax9u7lpO6BAIA\r\nAkQACGxhdGl0dWRlRAAJbG9uZ2l0dWRleHBAQ/kJfBWauEBdEWJuqNgP', 'rO0ABXNyABNqYXZhLnV0aWwuQXJyYXlMaXN0eIHSHZnHYZ0DAAFJAARzaXpleHAAAAABdwQAAAAK\r\nc3IAJ2NvbS5xcS5jc3Rhci5zcGVlZHltZWFsLmVudGl0eS5Mb2NhdGlvbtrH27uWk7oEAgACRAAI\r\nbGF0aXR1ZGVEAAlsb25naXR1ZGV4cEBD+ctoSL62QF0QHvc8DCB4', 0),
(104, 12, '‰∏≠ÂÖ≥ÊùëÁ¨¨‰∏âÂ∫ó', 'Âåó‰∫¨Â∏ÇÊµ∑Ê∑ÄÂå∫ËãèÂ∑ûË°ó76Âè∑', '010-98464547', 'rO0ABXNyACdjb20ucXEuY3N0YXIuc3BlZWR5bWVhbC5lbnRpdHkuTG9jYXRpb27ax9u7lpO6BAIA\r\nAkQACGxhdGl0dWRlRAAJbG9uZ2l0dWRleHBAQ/waNa64rEBdE+5owytr', 'rO0ABXNyABNqYXZhLnV0aWwuQXJyYXlMaXN0eIHSHZnHYZ0DAAFJAARzaXpleHAAAAABdwQAAAAK\r\nc3IAJ2NvbS5xcS5jc3Rhci5zcGVlZHltZWFsLmVudGl0eS5Mb2NhdGlvbtrH27uWk7oEAgACRAAI\r\nbGF0aXR1ZGVEAAlsb25naXR1ZGV4cEBD+tKIznA7QF0Vg3tKIzp4', 0),
(105, 12, 'Â§çÂÖ¥Ë∑ØÂ∫ó', 'Âåó‰∫¨Â∏ÇÊµ∑Ê∑ÄÂå∫Â§çÂÖ¥Ë∑Ø18Âè∑', '010-65073388', 'rO0ABXNyACdjb20ucXEuY3N0YXIuc3BlZWR5bWVhbC5lbnRpdHkuTG9jYXRpb27ax9u7lpO6BAIA\r\nAkQACGxhdGl0dWRlRAAJbG9uZ2l0dWRleHBAQ/Q+P7TsIEBdEn+tIAGf', 'rO0ABXNyABNqYXZhLnV0aWwuQXJyYXlMaXN0eIHSHZnHYZ0DAAFJAARzaXpleHAAAAABdwQAAAAK\r\nc3IAJ2NvbS5xcS5jc3Rhci5zcGVlZHltZWFsLmVudGl0eS5Mb2NhdGlvbtrH27uWk7oEAgACRAAI\r\nbGF0aXR1ZGVEAAlsb25naXR1ZGV4cEBD9LcsUZeiQF0UrIYFaB94', 0),
(106, 12, 'È£ò‰∫ÆÈò≥ÂÖâÂπøÂú∫', 'Âåó‰∫¨Â∏ÇÊúùÈò≥Âå∫ÂÆâÁ´ãË∑Ø68Âè∑', '010-64954073', 'rO0ABXNyACdjb20ucXEuY3N0YXIuc3BlZWR5bWVhbC5lbnRpdHkuTG9jYXRpb27ax9u7lpO6BAIA\r\nAkQACGxhdGl0dWRlRAAJbG9uZ2l0dWRleHBARAAtQSMmvEBdGmA9HrFL', 'rO0ABXNyABNqYXZhLnV0aWwuQXJyYXlMaXN0eIHSHZnHYZ0DAAFJAARzaXpleHAAAAAFdwQAAAAK\r\nc3IAJ2NvbS5xcS5jc3Rhci5zcGVlZHltZWFsLmVudGl0eS5Mb2NhdGlvbtrH27uWk7oEAgACRAAI\r\nbGF0aXR1ZGVEAAlsb25naXR1ZGV4cEBEAJCBwuM/QF0ZO7g88tBzcQB+AAJAQ/384xUNrkBdGWMK\r\nkVN6c3EAfgACQEP+LGaQV9FAXRtXvH93r3NxAH4AAkBEAWfK6nR+QF0bRBNVR1pzcQB+AAJARAFs\r\nDW9UTEBdGZAY51eTeA==', 0),
(107, 12, 'Ëä±Âõ≠ÂåóË∑ØÂ∫ó', 'Âåó‰∫¨Â∏ÇÊµ∑Ê∑ÄÂå∫Ëä±Âõ≠ÂåóË∑Ø44Âè∑', '010-65073338', 'rO0ABXNyACdjb20ucXEuY3N0YXIuc3BlZWR5bWVhbC5lbnRpdHkuTG9jYXRpb27ax9u7lpO6BAIA\r\nAkQACGxhdGl0dWRlRAAJbG9uZ2l0dWRleHBAQ/4Q7iMIoEBdF2jdHt8P', 'rO0ABXNyABNqYXZhLnV0aWwuQXJyYXlMaXN0eIHSHZnHYZ0DAAFJAARzaXpleHAAAAABdwQAAAAK\r\nc3IAJ2NvbS5xcS5jc3Rhci5zcGVlZHltZWFsLmVudGl0eS5Mb2NhdGlvbtrH27uWk7oEAgACRAAI\r\nbGF0aXR1ZGVEAAlsb25naXR1ZGV4cEBD/0+1SflIQF0Wnm7rcCZ4', 0),
(108, 12, 'Á§ºÂ£´Ë∑ØÂ∫ó', 'Âåó‰∫¨Â∏ÇË•øÂüéÂå∫ÂèåÊóóÊùÜ‰∏úÈáå12Âè∑', '010-62045910', 'rO0ABXNyACdjb20ucXEuY3N0YXIuc3BlZWR5bWVhbC5lbnRpdHkuTG9jYXRpb27ax9u7lpO6BAIA\r\nAkQACGxhdGl0dWRlRAAJbG9uZ2l0dWRleHBAQ/uVe0849EBdGLpdHsq1', 'rO0ABXNyABNqYXZhLnV0aWwuQXJyYXlMaXN0eIHSHZnHYZ0DAAFJAARzaXpleHAAAAAGdwQAAAAK\r\nc3IAJ2NvbS5xcS5jc3Rhci5zcGVlZHltZWFsLmVudGl0eS5Mb2NhdGlvbtrH27uWk7oEAgACRAAI\r\nbGF0aXR1ZGVEAAlsb25naXR1ZGV4cEBD+5E+gUUPQF0Zyz5XU6RzcQB+AAJAQ/1z6rNnoUBdGc4H\r\nX2/Sc3EAfgACQEP9hUipvP1AXRdga3qiXnNxAH4AAkBD+jx0+1SgQF0XYzSCvoxzcQB+AAJAQ/p/\r\noaDPGEBdGFf7aZhKc3EAfgACQEP7tfG+9J1AXRhz/6wdKng=', 0),
(109, 12, 'Â§ßÊúõË∑ØÂ∫ó', 'Âåó‰∫¨Â∏ÇÊúùÈò≥Âå∫Âª∫ÂõΩË∑Ø88Âè∑', '010-85805584', 'rO0ABXNyACdjb20ucXEuY3N0YXIuc3BlZWR5bWVhbC5lbnRpdHkuTG9jYXRpb27ax9u7lpO6BAIA\r\nAkQACGxhdGl0dWRlRAAJbG9uZ2l0dWRleHBAQ/QqAP2aJEBdHo6NHnDF', 'rO0ABXNyABNqYXZhLnV0aWwuQXJyYXlMaXN0eIHSHZnHYZ0DAAFJAARzaXpleHAAAAABdwQAAAAK\r\nc3IAJ2NvbS5xcS5jc3Rhci5zcGVlZHltZWFsLmVudGl0eS5Mb2NhdGlvbtrH27uWk7oEAgACRAAI\r\nbGF0aXR1ZGVEAAlsb25naXR1ZGV4cEBD9XHzYmLMQF0d9qk/KQt4', 0),
(111, 12, 'ÂçéÊôÆÂ∫ó', 'Âåó‰∫¨Â∏ÇÊúùÈò≥Âå∫', '010-48466835', 'rO0ABXNyACdjb20ucXEuY3N0YXIuc3BlZWR5bWVhbC5lbnRpdHkuTG9jYXRpb27ax9u7lpO6BAIA\r\nAkQACGxhdGl0dWRlRAAJbG9uZ2l0dWRleHBAQ/g4w2+nXEBdHP7+foMQ', 'rO0ABXNyABNqYXZhLnV0aWwuQXJyYXlMaXN0eIHSHZnHYZ0DAAFJAARzaXpleHAAAAABdwQAAAAK\r\nc3IAJ2NvbS5xcS5jc3Rhci5zcGVlZHltZWFsLmVudGl0eS5Mb2NhdGlvbtrH27uWk7oEAgACRAAI\r\nbGF0aXR1ZGVEAAlsb25naXR1ZGV4cEBD+0l7dBSlQF0eVi4J/od4', 0),
(112, 12, 'Âú∞ÂÆâÈó®Â§ñÂ§ßË°óÂ∫ó', 'Âåó‰∫¨Â∏ÇË•øÂüéÂå∫Âú∞ÂÆâÈó®Â§ñÂ§ßË°ó13Âè∑', '010-65489723', 'rO0ABXNyACdjb20ucXEuY3N0YXIuc3BlZWR5bWVhbC5lbnRpdHkuTG9jYXRpb27ax9u7lpO6BAIA\r\nAkQACGxhdGl0dWRlRAAJbG9uZ2l0dWRleHBAQ/iBzg1E3EBdGRn9HsT3', 'rO0ABXNyABNqYXZhLnV0aWwuQXJyYXlMaXN0eIHSHZnHYZ0DAAFJAARzaXpleHAAAAAHdwQAAAAK\r\nc3IAJ2NvbS5xcS5jc3Rhci5zcGVlZHltZWFsLmVudGl0eS5Mb2NhdGlvbtrH27uWk7oEAgACRAAI\r\nbGF0aXR1ZGVEAAlsb25naXR1ZGV4cEBD+y9EkSmJQF0XXaJyhi9zcQB+AAJAQ/w6p5u63EBdF/K6\r\nnR9gc3EAfgACQEP8UEgW8AdAXRo/keZG8XNxAH4AAkBD99DQZ4wAQF0aSt/4IrxzcQB+AAJAQ/e0\r\n9hZyMkBdGZmZmZmac3EAfgACQEP5nDiwSrZAXRg5/9YOlXNxAH4AAkBD+YJVsDW9QF0XmcOLBKt4\r\n', 0),
(114, 12, 'Â§çÂÖ¥Ë∑ØÂ∫ó', 'Âåó‰∫¨Â∏ÇÊµ∑Ê∑ÄÂå∫Â§çÂÖ¥Ë∑Ø', '010-58796314', 'rO0ABXNyACdjb20ucXEuY3N0YXIuc3BlZWR5bWVhbC5lbnRpdHkuTG9jYXRpb27ax9u7lpO6BAIA\r\nAkQACGxhdGl0dWRlRAAJbG9uZ2l0dWRleHBAQ/QZlh7ozEBdFDOdHxCJ', 'rO0ABXNyABNqYXZhLnV0aWwuQXJyYXlMaXN0eIHSHZnHYZ0DAAFJAARzaXpleHAAAAABdwQAAAAK\r\nc3IAJ2NvbS5xcS5jc3Rhci5zcGVlZHltZWFsLmVudGl0eS5Mb2NhdGlvbtrH27uWk7oEAgACRAAI\r\nbGF0aXR1ZGVEAAlsb25naXR1ZGV4cEBD82RaHKwIQF0VzjFQ2uR4', 0),
(115, 12, 'Âä®Áâ©Âõ≠Â∫ó', 'Âåó‰∫¨Âä®Áâ©Âõ≠', '010-56789456', 'rO0ABXNyACdjb20ucXEuY3N0YXIuc3BlZWR5bWVhbC5lbnRpdHkuTG9jYXRpb27ax9u7lpO6BAIA\r\nAkQACGxhdGl0dWRlRAAJbG9uZ2l0dWRleHBAQ/fmZ0HEDEBdFTq0O22G', 'rO0ABXNyABNqYXZhLnV0aWwuQXJyYXlMaXN0eIHSHZnHYZ0DAAFJAARzaXpleHAAAAAHdwQAAAAK\r\nc3IAJ2NvbS5xcS5jc3Rhci5zcGVlZHltZWFsLmVudGl0eS5Mb2NhdGlvbtrH27uWk7oEAgACRAAI\r\nbGF0aXR1ZGVEAAlsb25naXR1ZGV4cEBD+qmTC+DfQF0UJyhi9ZlzcQB+AAJAQ/rDdgv12EBdF2ZR\r\nbbDec3EAfgACQEP3qiXY151AXRdr433pOnNxAH4AAkBD9ZvkzXSSQF0XVXFLnLdzcQB+AAJAQ/VF\r\nYuCf6EBdFResxO+Jc3EAfgACQEP07zTWoWJAXRMdaMaS93NxAH4AAkBD9uOS4e90QF0TBvaURnR4\r\n', 0),
(116, 13, 'Âú∞ÂÆâÈó®Â§ñÂ§ßË°óÂ∫ó', 'Âåó‰∫¨Â∏ÇË•øÂüéÂå∫Âú∞ÂÆâÈó®Â§ñÂ§ßË°ó29Âè∑', '010-64400902', 'rO0ABXNyACdjb20ucXEuY3N0YXIuc3BlZWR5bWVhbC5lbnRpdHkuTG9jYXRpb27ax9u7lpO6BAIA\r\nAkQACGxhdGl0dWRlRAAJbG9uZ2l0dWRleHBAQ/g+ypIg1EBdGUydHsHl', 'rO0ABXNyABNqYXZhLnV0aWwuQXJyYXlMaXN0eIHSHZnHYZ0DAAFJAARzaXpleHAAAAABdwQAAAAK\r\nc3IAJ2NvbS5xcS5jc3Rhci5zcGVlZHltZWFsLmVudGl0eS5Mb2NhdGlvbtrH27uWk7oEAgACRAAI\r\nbGF0aXR1ZGVEAAlsb25naXR1ZGV4cEBD+V+Zw4sFQF0YSeRPoFF4', 0),
(117, 13, 'Ë•øÁõ¥Èó®ÂçóÂ∞èÂå∫Â∫ó', 'Âåó‰∫¨Â∏ÇË•øÂüéÂå∫Ë•øÁõ¥Èó®ÂçóÂ∞èË°ó68Âè∑', '010-68330317', 'rO0ABXNyACdjb20ucXEuY3N0YXIuc3BlZWR5bWVhbC5lbnRpdHkuTG9jYXRpb27ax9u7lpO6BAIA\r\nAkQACGxhdGl0dWRlRAAJbG9uZ2l0dWRleHBAQ/fGB3B3mEBdFvhdHuXT', 'rO0ABXNyABNqYXZhLnV0aWwuQXJyYXlMaXN0eIHSHZnHYZ0DAAFJAARzaXpleHAAAAABdwQAAAAK\r\nc3IAJ2NvbS5xcS5jc3Rhci5zcGVlZHltZWFsLmVudGl0eS5Mb2NhdGlvbtrH27uWk7oEAgACRAAI\r\nbGF0aXR1ZGVEAAlsb25naXR1ZGV4cEBD+JUYKpkxQF0V0cwQDmt4', 0),
(118, 13, 'Â§çÂÖ¥Èó®Â∫ó', 'Âåó‰∫¨Â∏ÇË•øÂüéÂå∫Â§çÂÖ¥Èó®ÂÜÖÂ§ßË°ó101Âè∑', '010-66073302', 'rO0ABXNyACdjb20ucXEuY3N0YXIuc3BlZWR5bWVhbC5lbnRpdHkuTG9jYXRpb27ax9u7lpO6BAIA\r\nAkQACGxhdGl0dWRlRAAJbG9uZ2l0dWRleHBAQ/QcDVL+fEBdFuStHsH4', 'rO0ABXNyABNqYXZhLnV0aWwuQXJyYXlMaXN0eIHSHZnHYZ0DAAFJAARzaXpleHAAAAABdwQAAAAK\r\nc3IAJ2NvbS5xcS5jc3Rhci5zcGVlZHltZWFsLmVudGl0eS5Mb2NhdGlvbtrH27uWk7oEAgACRAAI\r\nbGF0aXR1ZGVEAAlsb25naXR1ZGV4cEBD8j0cwQDnQF0WxcE/0NB4', 0),
(119, 13, '‰∏úÁõ¥Èó®Â§ñÂ§ßË°óÂ∫ó', 'Âåó‰∫¨Â∏Ç‰∏úÂüéÂå∫‰∏úÁõ¥Èó®Â§ñÂ§ßË°ó', '010-84477300', 'rO0ABXNyACdjb20ucXEuY3N0YXIuc3BlZWR5bWVhbC5lbnRpdHkuTG9jYXRpb27ax9u7lpO6BAIA\r\nAkQACGxhdGl0dWRlRAAJbG9uZ2l0dWRleHBAQ/hQCuHb0EBdG9ZNHpq/', 'rO0ABXNyABNqYXZhLnV0aWwuQXJyYXlMaXN0eIHSHZnHYZ0DAAFJAARzaXpleHAAAAAFdwQAAAAK\r\nc3IAJ2NvbS5xcS5jc3Rhci5zcGVlZHltZWFsLmVudGl0eS5Mb2NhdGlvbtrH27uWk7oEAgACRAAI\r\nbGF0aXR1ZGVEAAlsb25naXR1ZGV4cEBD+E/0NBnjQF0c7L+xW1dzcQB+AAJAQ/mgezUqhEBdHOFx\r\nn3+Nc3EAfgACQEP5W1c+qzZAXRrhm5DqnnNxAH4AAkBD9fzjFQ2uQF0a77Kq4pdzcQB+AAJAQ/Xr\r\nhR64UkBdHPgNwzcieA==', 0),
(120, 13, 'ÁÅØÂ∏ÇÂè£Â§ßË°óÂ∫ó', 'Âåó‰∫¨Â∏ÇÂåó‰∫¨‰∏úÂüéÂå∫ÁÅØÂ∏ÇÂè£Â§ßË°ó33Âè∑', '010-65595466', 'rO0ABXNyACdjb20ucXEuY3N0YXIuc3BlZWR5bWVhbC5lbnRpdHkuTG9jYXRpb27ax9u7lpO6BAIA\r\nAkQACGxhdGl0dWRlRAAJbG9uZ2l0dWRleHBAQ/V7cYoX0EBdGnxdHq+X', 'rO0ABXNyABNqYXZhLnV0aWwuQXJyYXlMaXN0eIHSHZnHYZ0DAAFJAARzaXpleHAAAAAGdwQAAAAK\r\nc3IAJ2NvbS5xcS5jc3Rhci5zcGVlZHltZWFsLmVudGl0eS5Mb2NhdGlvbtrH27uWk7oEAgACRAAI\r\nbGF0aXR1ZGVEAAlsb25naXR1ZGV4cEBD9HRTjvNNQF0Z50KZ2IRzcQB+AAJAQ/c3yZrpJUBdGcWC\r\nVbA2c3EAfgACQEP3FWGRFJBAXRuu5jH4oXNxAH4AAkBD9AiFCb+cQF0btHhCMP1zcQB+AAJAQ/P3\r\nJxNqQEBdGyquKXOXc3EAfgACQEPzefqX4TNAXRoRh+fAbng=', 0),
(121, 13, 'ÂâçÈó®Â§ßË°óÂ∫ó', 'Âåó‰∫¨Â¥áÊñáÂå∫ÂâçÈó®Â§ßË°óÁî≤2Âè∑', '010-54689725', 'rO0ABXNyACdjb20ucXEuY3N0YXIuc3BlZWR5bWVhbC5lbnRpdHkuTG9jYXRpb27ax9u7lpO6BAIA\r\nAkQACGxhdGl0dWRlRAAJbG9uZ2l0dWRleHBAQ/LYRa/9UEBdGW5dHr/d', 'rO0ABXNyABNqYXZhLnV0aWwuQXJyYXlMaXN0eIHSHZnHYZ0DAAFJAARzaXpleHAAAAABdwQAAAAK\r\nc3IAJ2NvbS5xcS5jc3Rhci5zcGVlZHltZWFsLmVudGl0eS5Mb2NhdGlvbtrH27uWk7oEAgACRAAI\r\nbGF0aXR1ZGVEAAlsb25naXR1ZGV4cEBD80h/y5I6QF0YF0PpY9x4', 0),
(122, 13, 'Âè≥ÂÆâÈó®Â§ñÂ§ßË°óÂ∫ó', 'Âåó‰∫¨Â∏Ç‰∏∞Âè∞Âå∫Âè≥ÂÆâÈó®Â§ñÂ§ßË°ó1Âè∑', '010-63052865', 'rO0ABXNyACdjb20ucXEuY3N0YXIuc3BlZWR5bWVhbC5lbnRpdHkuTG9jYXRpb27ax9u7lpO6BAIA\r\nAkQACGxhdGl0dWRlRAAJbG9uZ2l0dWRleHBAQ+7qISpU3EBdFx5gB52+', 'rO0ABXNyABNqYXZhLnV0aWwuQXJyYXlMaXN0eIHSHZnHYZ0DAAFJAARzaXpleHAAAAAGdwQAAAAK\r\nc3IAJ2NvbS5xcS5jc3Rhci5zcGVlZHltZWFsLmVudGl0eS5Mb2NhdGlvbtrH27uWk7oEAgACRAAI\r\nbGF0aXR1ZGVEAAlsb25naXR1ZGV4cEBD7tA9mpVCQF0WBRQ79ydzcQB+AAJAQ/GC/XXiBEBdFj1w\r\no9cKc3EAfgACQEPxSvTw2EVAXRfEXLvCuXNxAH4AAkBD8TC+De0pQF0YU7jkuHxzcQB+AAJAQ+3e\r\naa1CxEBdGAqmTC+Dc3EAfgACQEPtMbm2b5NAXRZZdOZb6ng=', 0),
(123, 13, 'Êñ∞ÂüéÂπøÂú∫Â∫ó', 'Âåó‰∫¨Â∏Ç‰∏∞Âè∞Âå∫Ëí≤ÈªÑÊ¶ÜË∑ØÊñ∞ÂüéÂπøÂú∫', '67647269', 'rO0ABXNyACdjb20ucXEuY3N0YXIuc3BlZWR5bWVhbC5lbnRpdHkuTG9jYXRpb27ax9u7lpO6BAIA\r\nAkQACGxhdGl0dWRlRAAJbG9uZ2l0dWRleHBAQ+8DhMco3EBdGxebT8o/', 'rO0ABXNyABNqYXZhLnV0aWwuQXJyYXlMaXN0eIHSHZnHYZ0DAAFJAARzaXpleHAAAAABdwQAAAAK\r\nc3IAJ2NvbS5xcS5jc3Rhci5zcGVlZHltZWFsLmVudGl0eS5Mb2NhdGlvbtrH27uWk7oEAgACRAAI\r\nbGF0aXR1ZGVEAAlsb25naXR1ZGV4cEBD7xj8UEgXQF0Z1BdD6WR4', 0),
(124, 13, 'Ê∞∏ÂÆöÈó®Â§ñÂ§ßË°óÂ∫ó', 'Âåó‰∫¨Â∏Ç‰∏∞Âè∞Âå∫Ê∞∏ÂÆöÈó®Â§ñÂ§ßË°ó101Âè∑', '010-87802371', 'rO0ABXNyACdjb20ucXEuY3N0YXIuc3BlZWR5bWVhbC5lbnRpdHkuTG9jYXRpb27ax9u7lpO6BAIA\r\nAkQACGxhdGl0dWRlRAAJbG9uZ2l0dWRleHBAQ+3hXCmL4EBdGOG9HshX', 'rO0ABXNyABNqYXZhLnV0aWwuQXJyYXlMaXN0eIHSHZnHYZ0DAAFJAARzaXpleHAAAAAGdwQAAAAK\r\nc3IAJ2NvbS5xcS5jc3Rhci5zcGVlZHltZWFsLmVudGl0eS5Mb2NhdGlvbtrH27uWk7oEAgACRAAI\r\nbGF0aXR1ZGVEAAlsb25naXR1ZGV4cEBD7djXnQpnQF0Xkwvg3tNzcQB+AAJAQ/GoWHk92UBdF71R\r\nLsa9c3EAfgACQEPxtXPqs2hAXRmYnfEXL3NxAH4AAkBD8Z/Tb349QF0ZrEcbR4RzcQB+AAJAQ+1K\r\nTSsr/kBdGbpeNT99c3EAfgACQEPtJ5E+gUVAXRd0FKTSs3g=', 0),
(125, 13, 'Âä≤Êùæ‰∫åÂå∫Â∫ó', '‰∏≠ÂõΩÂåó‰∫¨Â∏ÇÊúùÈò≥Âå∫Âä≤Êùæ‰∫åÂå∫208-12', '010-67738715', 'rO0ABXNyACdjb20ucXEuY3N0YXIuc3BlZWR5bWVhbC5lbnRpdHkuTG9jYXRpb27ax9u7lpO6BAIA\r\nAkQACGxhdGl0dWRlRAAJbG9uZ2l0dWRleHBAQ/FsckGjtEBdHR9dHobm', 'rO0ABXNyABNqYXZhLnV0aWwuQXJyYXlMaXN0eIHSHZnHYZ0DAAFJAARzaXpleHAAAAABdwQAAAAK\r\nc3IAJ2NvbS5xcS5jc3Rhci5zcGVlZHltZWFsLmVudGl0eS5Mb2NhdGlvbtrH27uWk7oEAgACRAAI\r\nbGF0aXR1ZGVEAAlsb25naXR1ZGV4cEBD8WPcSGrTQF0etGNJe3R4', 0),
(126, 13, 'Âª∫ÂõΩÈó®Â§ñÂ§ßË°óÂ∫ó', 'Âåó‰∫¨Â∏ÇÊúùÈò≥Âå∫Âª∫ÂõΩÈó®Â§ñÂ§ßË°óÁî≤5Âè∑', '010-65629145', 'rO0ABXNyACdjb20ucXEuY3N0YXIuc3BlZWR5bWVhbC5lbnRpdHkuTG9jYXRpb27ax9u7lpO6BAIA\r\nAkQACGxhdGl0dWRlRAAJbG9uZ2l0dWRleHBAQ/SJxR56UEBdHQkCCtcF', 'rO0ABXNyABNqYXZhLnV0aWwuQXJyYXlMaXN0eIHSHZnHYZ0DAAFJAARzaXpleHAAAAAFdwQAAAAK\r\nc3IAJ2NvbS5xcS5jc3Rhci5zcGVlZHltZWFsLmVudGl0eS5Mb2NhdGlvbtrH27uWk7oEAgACRAAI\r\nbGF0aXR1ZGVEAAlsb25naXR1ZGV4cEBD9Gt6ol2NQF0bldTo+wFzcQB+AAJAQ/fGACnxa0BdG7pe\r\nNT99c3EAfgACQEP3mr8zhxZAXR3b9If8uXNxAH4AAkBD81vVEuxsQF0dyxRl6JJzcQB+AAJAQ/N1\r\nuBMBZUBdG/sVtXPreA==', 0),
(127, 13, 'Êñ∞ÂÖ¥Ê°•Â∫ó', 'Âåó‰∫¨Â∏ÇÊµ∑Ê∑ÄÂå∫Â§çÂÖ¥Ë∑Ø33Âè∑Áø†ÂæÆÂ§ßÂé¶1Ê•º', '010-68150642', 'rO0ABXNyACdjb20ucXEuY3N0YXIuc3BlZWR5bWVhbC5lbnRpdHkuTG9jYXRpb27ax9u7lpO6BAIA\r\nAkQACGxhdGl0dWRlRAAJbG9uZ2l0dWRleHBAQ/Qri80xlEBdE3IB+uvz', 'rO0ABXNyABNqYXZhLnV0aWwuQXJyYXlMaXN0eIHSHZnHYZ0DAAFJAARzaXpleHAAAAABdwQAAAAK\r\nc3IAJ2NvbS5xcS5jc3Rhci5zcGVlZHltZWFsLmVudGl0eS5Mb2NhdGlvbtrH27uWk7oEAgACRAAI\r\nbGF0aXR1ZGVEAAlsb25naXR1ZGV4cEBD9Y150KZ2QF0UnCO3lS14', 0),
(128, 13, 'Âåó‰∫¨Ë•øÁ´ôÂçóË∑ØÂ∫ó', 'Âåó‰∫¨Â∏Ç‰∏∞Âè∞Âå∫Âåó‰∫¨Ë•øÁ´ôÂçóË∑Ø1Âè∑', '010-63442310', 'rO0ABXNyACdjb20ucXEuY3N0YXIuc3BlZWR5bWVhbC5lbnRpdHkuTG9jYXRpb27ax9u7lpO6BAIA\r\nAkQACGxhdGl0dWRlRAAJbG9uZ2l0dWRleHBAQ/FBKOuGREBdFILmYwU3', 'rO0ABXNyABNqYXZhLnV0aWwuQXJyYXlMaXN0eIHSHZnHYZ0DAAFJAARzaXpleHAAAAAFdwQAAAAK\r\nc3IAJ2NvbS5xcS5jc3Rhci5zcGVlZHltZWFsLmVudGl0eS5Mb2NhdGlvbtrH27uWk7oEAgACRAAI\r\nbGF0aXR1ZGVEAAlsb25naXR1ZGV4cEBD8YZEUj9oQF0SrS3LFGZzcQB+AAJAQ+48dPtUoEBdEvkz\r\nXSSec3EAfgACQEPu18b70nRAXRToKUmlZXNxAH4AAkBD8pqASWZ7QF0VAWSEDhdzcQB+AAJAQ/Ke\r\nws5GSkBdEs7uDzy0eA==', 0),
(129, 13, '476Âè∑Â∫ó', '‰∏≠ÂõΩÂåó‰∫¨Â∏Ç‰∏∞Âè∞Âå∫Ë•øÂõõÁéØË•øË∑Ø1Âè∑', '010-63720024', 'rO0ABXNyACdjb20ucXEuY3N0YXIuc3BlZWR5bWVhbC5lbnRpdHkuTG9jYXRpb27ax9u7lpO6BAIA\r\nAkQACGxhdGl0dWRlRAAJbG9uZ2l0dWRleHBAQ+tLS9JYeEBdEk2oankh', 'rO0ABXNyABNqYXZhLnV0aWwuQXJyYXlMaXN0eIHSHZnHYZ0DAAFJAARzaXpleHAAAAABdwQAAAAK\r\nc3IAJ2NvbS5xcS5jc3Rhci5zcGVlZHltZWFsLmVudGl0eS5Mb2NhdGlvbtrH27uWk7oEAgACRAAI\r\nbGF0aXR1ZGVEAAlsb25naXR1ZGV4cEBD7FtsN2C/QF0Q2mYSg5B4', 0),
(130, 13, 'È©¨ÂÆ∂Â†°Ë•øË∑ØÂ∫ó', 'Âåó‰∫¨Â∏Ç‰∏∞Âè∞Âå∫È©¨ÂÆ∂Â†°Ë•øË∑Ø', '010-58973564', 'rO0ABXNyACdjb20ucXEuY3N0YXIuc3BlZWR5bWVhbC5lbnRpdHkuTG9jYXRpb27ax9u7lpO6BAIA\r\nAkQACGxhdGl0dWRlRAAJbG9uZ2l0dWRleHBAQ+qTauiEfEBdF41tHtza', 'rO0ABXNyABNqYXZhLnV0aWwuQXJyYXlMaXN0eIHSHZnHYZ0DAAFJAARzaXpleHAAAAABdwQAAAAK\r\nc3IAJ2NvbS5xcS5jc3Rhci5zcGVlZHltZWFsLmVudGl0eS5Mb2NhdGlvbtrH27uWk7oEAgACRAAI\r\nbGF0aXR1ZGVEAAlsb25naXR1ZGV4cEBD6vboKUmlQF0V+Haews54', 0),
(131, 13, 'ÈáëËùâÊ¨¢‰πêÂõ≠Â∫ó', 'Âåó‰∫¨Â∏ÇÊúùÈò≥Âå∫ÈáëËùâÊ¨¢‰πêÂõ≠2Âè∑Èô¢Áî≤1Âè∑Ê•º', '010-67389525', 'rO0ABXNyACdjb20ucXEuY3N0YXIuc3BlZWR5bWVhbC5lbnRpdHkuTG9jYXRpb27ax9u7lpO6BAIA\r\nAkQACGxhdGl0dWRlRAAJbG9uZ2l0dWRleHBAQ+68lVWISEBdIB1NHljB', 'rO0ABXNyABNqYXZhLnV0aWwuQXJyYXlMaXN0eIHSHZnHYZ0DAAFJAARzaXpleHAAAAAFdwQAAAAK\r\nc3IAJ2NvbS5xcS5jc3Rhci5zcGVlZHltZWFsLmVudGl0eS5Mb2NhdGlvbtrH27uWk7oEAgACRAAI\r\nbGF0aXR1ZGVEAAlsb25naXR1ZGV4cEBD7qs2eg+RQF0eY8dPtUpzcQB+AAJAQ/Fd9lVcU0BdHmaQ\r\nV9F4c3EAfgACQEPxGNJe3QVAXSB3Roh6jXNxAH4AAkBD7UUO/cnFQF0gTSsr/bVzcQB+AAJAQ+1r\r\nuYx+KEBdHmD+R5kceA==', 0),
(132, 13, '456Â∫ó', 'Âåó‰∫¨Â∏ÇÊúùÈò≥Âå∫ÊúùÈò≥Ë∑ØÂçÅÈáåÂ†°Âåó‰∫¨Á¨¨‰∏ÄÊ£âÁ∫∫ÁªáÂéÇÁªºÂêàÊ•º', '010-65577188', 'rO0ABXNyACdjb20ucXEuY3N0YXIuc3BlZWR5bWVhbC5lbnRpdHkuTG9jYXRpb27ax9u7lpO6BAIA\r\nAkQACGxhdGl0dWRlRAAJbG9uZ2l0dWRleHBAQ/VBR+TOdEBdH/5rPHi6', 'rO0ABXNyABNqYXZhLnV0aWwuQXJyYXlMaXN0eIHSHZnHYZ0DAAFJAARzaXpleHAAAAABdwQAAAAK\r\nc3IAJ2NvbS5xcS5jc3Rhci5zcGVlZHltZWFsLmVudGl0eS5Mb2NhdGlvbtrH27uWk7oEAgACRAAI\r\nbGF0aXR1ZGVEAAlsb25naXR1ZGV4cEBD9VsDW9UTQF0d+717IDJ4', 0),
(133, 13, 'Ëä±ÂÆ∂Âú∞Ë°óÂ∫ó', 'Âåó‰∫¨Â∏ÇÊúùÈò≥Âå∫Ëä±ÂÆ∂Âú∞Ë°ó', '010-84711413', 'rO0ABXNyACdjb20ucXEuY3N0YXIuc3BlZWR5bWVhbC5lbnRpdHkuTG9jYXRpb27ax9u7lpO6BAIA\r\nAkQACGxhdGl0dWRlRAAJbG9uZ2l0dWRleHBAQ/4tSvCZiEBdHfWL42ZF', 'rO0ABXNyABNqYXZhLnV0aWwuQXJyYXlMaXN0eIHSHZnHYZ0DAAFJAARzaXpleHAAAAAGdwQAAAAK\r\nc3IAJ2NvbS5xcS5jc3Rhci5zcGVlZHltZWFsLmVudGl0eS5Mb2NhdGlvbtrH27uWk7oEAgACRAAI\r\nbGF0aXR1ZGVEAAlsb25naXR1ZGV4cEBD/4HX2/SIQF0eebutwJhzcQB+AAJAQ/6QV9F4LUBdH5id\r\n8Rcvc3EAfgACQEP8xj8UEgZAXR8vwmVqvnNxAH4AAkBD+j+717IDQF0dC2MKkVNzcQB+AAJAQ/vD\r\ntPYWckBdG7btZ3cIc3EAfgACQEP/RD1GsmxAXRzVz6rNn3g=', 0),
(134, 13, 'ÂÆâË¥ûÂ∫ó', 'Âåó‰∫¨Â∏ÇÊúùÈò≥Âå∫ÂÆâË¥ûË•øÈáå‰∏âÂå∫12Âè∑‰∫îË∑ØÂ±ÖÂçéËÅîÂïÜÂé¶‰∏ÄÂ±Ç', '010-64441225', 'rO0ABXNyACdjb20ucXEuY3N0YXIuc3BlZWR5bWVhbC5lbnRpdHkuTG9jYXRpb27ax9u7lpO6BAIA\r\nAkQACGxhdGl0dWRlRAAJbG9uZ2l0dWRleHBAQ/xIU0cNzEBdGV19HsDi', 'rO0ABXNyABNqYXZhLnV0aWwuQXJyYXlMaXN0eIHSHZnHYZ0DAAFJAARzaXpleHAAAAABdwQAAAAK\r\nc3IAJ2NvbS5xcS5jc3Rhci5zcGVlZHltZWFsLmVudGl0eS5Mb2NhdGlvbtrH27uWk7oEAgACRAAI\r\nbGF0aXR1ZGVEAAlsb25naXR1ZGV4cEBD/OxB3RoiQF0XkELYwqR4', 0),
(135, 13, '‰∏≠ÂÖ≥ÊùëÊµ∑ÂÖ≥Â§ßÂé¶Â∫ó', 'Âåó‰∫¨Â∏ÇÊµ∑Ê∑ÄÂå∫Áü•Êò•Ë∑Ø59Âè∑‰∏≠ÂÖ≥ÊùëÊµ∑ÂÖ≥Â§ßÂé¶1-2Â±Ç', '010-82628192', 'rO0ABXNyACdjb20ucXEuY3N0YXIuc3BlZWR5bWVhbC5lbnRpdHkuTG9jYXRpb27ax9u7lpO6BAIA\r\nAkQACGxhdGl0dWRlRAAJbG9uZ2l0dWRleHBAQ/0CRNlvCEBdFmB9Hu77', 'rO0ABXNyABNqYXZhLnV0aWwuQXJyYXlMaXN0eIHSHZnHYZ0DAAFJAARzaXpleHAAAAABdwQAAAAK\r\nc3IAJ2NvbS5xcS5jc3Rhci5zcGVlZHltZWFsLmVudGl0eS5Mb2NhdGlvbtrH27uWk7oEAgACRAAI\r\nbGF0aXR1ZGVEAAlsb25naXR1ZGV4cEBD/UdaMaS+QF0UvWYnfEZ4', 0),
(136, 13, '‰∏≠ÂÖ≥ÊùëÂçóÂ§ßË°óÂ∫ó', 'Âåó‰∫¨Â∏ÇÊµ∑Ê∑ÄÂå∫‰∏≠ÂÖ≥ÊùëÂçóÂ§ßË°ó30Âè∑', '010-89573562', 'rO0ABXNyACdjb20ucXEuY3N0YXIuc3BlZWR5bWVhbC5lbnRpdHkuTG9jYXRpb27ax9u7lpO6BAIA\r\nAkQACGxhdGl0dWRlRAAJbG9uZ2l0dWRleHBAQ/mNAo6EGEBdFLCyLIJF', 'rO0ABXNyABNqYXZhLnV0aWwuQXJyYXlMaXN0eIHSHZnHYZ0DAAFJAARzaXpleHAAAAAHdwQAAAAK\r\nc3IAJ2NvbS5xcS5jc3Rhci5zcGVlZHltZWFsLmVudGl0eS5Mb2NhdGlvbtrH27uWk7oEAgACRAAI\r\nbGF0aXR1ZGVEAAlsb25naXR1ZGV4cEBD+WpqASWaQF0WmgJ1JUZzcQB+AAJAQ/uSjgydnUBdFnhC\r\nMPz4c3EAfgACQEP7a4+bExZAXRR1oxpL3HNxAH4AAkBD+uXeFcptQF0TiWE9MbpzcQB+AAJAQ/hs\r\nImgJ1UBdE5pBX0Xhc3EAfgACQEP3uy/sVtZAXROt6ol2NnNxAH4AAkBD9+IuXeFdQF0WZ2IO6NF4\r\n', 0);
INSERT INTO `branch` (`bid`, `mid`, `branchName`, `branchAddress`, `branchPhone`, `branchLocation`, `branchDeliveryArea`, `areaType`) VALUES
(137, 13, 'ÈáëÊ∫êÊñ∞ÁáïËééÂ∫ó', 'Âåó‰∫¨Â∏ÇÊµ∑Ê∑ÄÂå∫ËøúÂ§ßË∑Ø1Âè∑ÈáëÊ∫êÊñ∞ÁáïÊ≤ôMALL‰∏ÄÊ•º', '010-88872047', 'rO0ABXNyACdjb20ucXEuY3N0YXIuc3BlZWR5bWVhbC5lbnRpdHkuTG9jYXRpb27ax9u7lpO6BAIA\r\nAkQACGxhdGl0dWRlRAAJbG9uZ2l0dWRleHBAQ/qpw337tEBdEf+uVFRU', 'rO0ABXNyABNqYXZhLnV0aWwuQXJyYXlMaXN0eIHSHZnHYZ0DAAFJAARzaXpleHAAAAABdwQAAAAK\r\nc3IAJ2NvbS5xcS5jc3Rhci5zcGVlZHltZWFsLmVudGl0eS5Mb2NhdGlvbtrH27uWk7oEAgACRAAI\r\nbGF0aXR1ZGVEAAlsb25naXR1ZGV4cEBD+vc8DB/JQF0QVDa4+bF4', 0),
(138, 13, 'ÂåóÂÆ´Èó®Â∫ó', 'Âåó‰∫¨Â∏ÇÊµ∑Ê∑ÄÂå∫ÈùíÈæôÊ°•‰∏úË°ó', '010-62872559', 'rO0ABXNyACdjb20ucXEuY3N0YXIuc3BlZWR5bWVhbC5lbnRpdHkuTG9jYXRpb27ax9u7lpO6BAIA\r\nAkQACGxhdGl0dWRlRAAJbG9uZ2l0dWRleHBARABeBHWmkEBdEa67MSb7', 'rO0ABXNyABNqYXZhLnV0aWwuQXJyYXlMaXN0eIHSHZnHYZ0DAAFJAARzaXpleHAAAAAHdwQAAAAK\r\nc3IAJ2NvbS5xcS5jc3Rhci5zcGVlZHltZWFsLmVudGl0eS5Mb2NhdGlvbtrH27uWk7oEAgACRAAI\r\nbGF0aXR1ZGVEAAlsb25naXR1ZGV4cEBD/+m3vx6OQF0RNdJJ5FBzcQB+AAJAQ//t+kP+XUBdEgiu\r\n+yquc3EAfgACQEP9DQZ4wAVAXRIOavzOHHNxAH4AAkBD/keZG8VYQF0Tpjc2zfJzcQB+AAJARADS\r\nXt0FKUBdE08NhE0Bc3EAfgACQEQBpWV/tppAXRLTMJQcgnNxAH4AAkBEATVUdaMaQF0RjPv8ZUF4\r\n', 0),
(139, 13, 'ÂÆâÁ´ãË∑ØÂ∫ó', 'Âåó‰∫¨Â∏ÇÊúùÈò≥Âå∫ÂÆâÁ´ãË∑Ø5Âè∑', '010-64868702', 'rO0ABXNyACdjb20ucXEuY3N0YXIuc3BlZWR5bWVhbC5lbnRpdHkuTG9jYXRpb27ax9u7lpO6BAIA\r\nAkQACGxhdGl0dWRlRAAJbG9uZ2l0dWRleHBARACdCq/hnEBdGeodHrho', 'rO0ABXNyABNqYXZhLnV0aWwuQXJyYXlMaXN0eIHSHZnHYZ0DAAFJAARzaXpleHAAAAABdwQAAAAK\r\nc3IAJ2NvbS5xcS5jc3Rhci5zcGVlZHltZWFsLmVudGl0eS5Mb2NhdGlvbtrH27uWk7oEAgACRAAI\r\nbGF0aXR1ZGVEAAlsb25naXR1ZGV4cEBEATyJ9AooQF0YKu0TlDF4', 0),
(140, 13, 'Â§çÂÖ¥Ë∑ØÂ∫ó', 'Âåó‰∫¨Â∏ÇÊµ∑Ê∑ÄÂå∫Â§çÂÖ¥Ë∑Ø42Âè∑', '010-68232779', 'rO0ABXNyACdjb20ucXEuY3N0YXIuc3BlZWR5bWVhbC5lbnRpdHkuTG9jYXRpb27ax9u7lpO6BAIA\r\nAkQACGxhdGl0dWRlRAAJbG9uZ2l0dWRleHBAQ/QosDktDEBdEF+DKHeS', 'rO0ABXNyABNqYXZhLnV0aWwuQXJyYXlMaXN0eIHSHZnHYZ0DAAFJAARzaXpleHAAAAABdwQAAAAK\r\nc3IAJ2NvbS5xcS5jc3Rhci5zcGVlZHltZWFsLmVudGl0eS5Mb2NhdGlvbtrH27uWk7oEAgACRAAI\r\nbGF0aXR1ZGVEAAlsb25naXR1ZGV4cEBD9ZML4N7TQF0O6XjU/fR4', 0),
(141, 13, '546Â∫ó', 'Âåó‰∫¨Â∏Ç‰∏∞Âè∞Âå∫', '010-89754236', 'rO0ABXNyACdjb20ucXEuY3N0YXIuc3BlZWR5bWVhbC5lbnRpdHkuTG9jYXRpb27ax9u7lpO6BAIA\r\nAkQACGxhdGl0dWRlRAAJbG9uZ2l0dWRleHBAQ+/w1b9CnEBdEZcGDVyM', 'rO0ABXNyABNqYXZhLnV0aWwuQXJyYXlMaXN0eIHSHZnHYZ0DAAFJAARzaXpleHAAAAAFdwQAAAAK\r\nc3IAJ2NvbS5xcS5jc3Rhci5zcGVlZHltZWFsLmVudGl0eS5Mb2NhdGlvbtrH27uWk7oEAgACRAAI\r\nbGF0aXR1ZGVEAAlsb25naXR1ZGV4cEBD7zLfUF0QQF0Ps1KoQ4FzcQB+AAJAQ/JNKyv9tUBdD8b7\r\n0nPWc3EAfgACQEPyHaews5JAXRKiM5wOv3NxAH4AAkBD7mxMWXTmQF0Sn2qT8pFzcQB+AAJAQ+27\r\nWd3B6EBdEKJdjXnReA==', 0),
(142, 13, 'ÁîòÂÆ∂Âè£Â§ßÂé¶Â∫ó', 'Âåó‰∫¨Â∏ÇÊµ∑Ê∑ÄÂå∫‰∏âÈáåÊ≤≥Ë∑Ø17Âè∑ÁîòÂÆ∂Âè£Â§ßÂé¶Ë¥ü‰∏ÄÂ±Ç', '010-88392248', 'rO0ABXNyACdjb20ucXEuY3N0YXIuc3BlZWR5bWVhbC5lbnRpdHkuTG9jYXRpb27ax9u7lpO6BAIA\r\nAkQACGxhdGl0dWRlRAAJbG9uZ2l0dWRleHBAQ/Z3vhcy9EBdFMG4SvXN', 'rO0ABXNyABNqYXZhLnV0aWwuQXJyYXlMaXN0eIHSHZnHYZ0DAAFJAARzaXpleHAAAAAGdwQAAAAK\r\nc3IAJ2NvbS5xcS5jc3Rhci5zcGVlZHltZWFsLmVudGl0eS5Mb2NhdGlvbtrH27uWk7oEAgACRAAI\r\nbGF0aXR1ZGVEAAlsb25naXR1ZGV4cEBD9m8/UvwmQF0Tg/keZG9zcQB+AAJAQ/grQPZqVUBdE6W5\r\nYoy9c3EAfgACQEP3xAjY7JZAXRZ1oxpL3HNxAH4AAkBD9Fxn3+MqQF0WnPVurIZzcQB+AAJAQ/Rl\r\nQMx46kBdFposZpBYc3EAfgACQEP0Z4wAU+NAXROXTmW+oXg=', 0),
(143, 13, 'Âåó‰∫¨Ë•øÁ´ôÂÄôËΩ¶Â§ßÂéÖÂ∫ó', 'Âåó‰∫¨Â∏Ç‰∏∞Âè∞Âå∫Ëé≤Ëä±‰∏úË∑Ø118Âè∑Âåó‰∫¨Ë•øÁ´ôÂÄôËΩ¶Â§ßÂéÖ2Â±Ç', '010-51934799', 'rO0ABXNyACdjb20ucXEuY3N0YXIuc3BlZWR5bWVhbC5lbnRpdHkuTG9jYXRpb27ax9u7lpO6BAIA\r\nAkQACGxhdGl0dWRlRAAJbG9uZ2l0dWRleHBAQ/J/2UYTcEBdFNxdHwZf', 'rO0ABXNyABNqYXZhLnV0aWwuQXJyYXlMaXN0eIHSHZnHYZ0DAAFJAARzaXpleHAAAAAFdwQAAAAK\r\nc3IAJ2NvbS5xcS5jc3Rhci5zcGVlZHltZWFsLmVudGl0eS5Mb2NhdGlvbtrH27uWk7oEAgACRAAI\r\nbGF0aXR1ZGVEAAlsb25naXR1ZGV4cEBD9ETQE6kqQF0UrIYFaB9zcQB+AAJAQ/RE0BOpKkBdFlru\r\nYx+Kc3EAfgACQEPu0tyxRl9AXRYDmr8zh3NxAH4AAkBD7ykKu0TlQF0UKE384xVzcQB+AAJAQ/J/\r\n9YOlPEBdFGY8dPtVeA==', 0),
(144, 13, '‰∏áËä≥Âõ≠‰∏ÄÂå∫Â∫ó', 'Âåó‰∫¨Â∏Ç‰∏∞Âè∞Âå∫‰∏∞Âè∞Ë∑Ø‰∏áËä≥Âõ≠‰∏ÄÂå∫', '010-63622804', 'rO0ABXNyACdjb20ucXEuY3N0YXIuc3BlZWR5bWVhbC5lbnRpdHkuTG9jYXRpb27ax9u7lpO6BAIA\r\nAkQACGxhdGl0dWRlRAAJbG9uZ2l0dWRleHBAQ+wQnRfcHEBdFEiLCxyX', 'rO0ABXNyABNqYXZhLnV0aWwuQXJyYXlMaXN0eIHSHZnHYZ0DAAFJAARzaXpleHAAAAABdwQAAAAK\r\nc3IAJ2NvbS5xcS5jc3Rhci5zcGVlZHltZWFsLmVudGl0eS5Mb2NhdGlvbtrH27uWk7oEAgACRAAI\r\nbGF0aXR1ZGVEAAlsb25naXR1ZGV4cEBD7hsImgJ1QF0T/1g6U7l4', 0);

-- --------------------------------------------------------

--
-- Table structure for table `invoice`
--

DROP TABLE IF EXISTS `invoice`;
CREATE TABLE IF NOT EXISTS `invoice` (
  `oid` int(10) NOT NULL AUTO_INCREMENT,
  `uid` int(10) NOT NULL,
  `mid` int(10) NOT NULL,
  `bid` int(10) NOT NULL,
  `status` int(5) DEFAULT '0',
  `orderTime` datetime DEFAULT NULL,
  `orderItems` varchar(1024) DEFAULT NULL,
  PRIMARY KEY (`oid`),
  KEY `order_merchant` (`mid`),
  KEY `order_user` (`uid`)
) ENGINE=InnoDB  DEFAULT CHARSET=utf8 AUTO_INCREMENT=9 ;

--
-- Dumping data for table `invoice`
--

INSERT INTO `invoice` (`oid`, `uid`, `mid`, `bid`, `status`, `orderTime`, `orderItems`) VALUES
(7, 13, 7, 27, 0, '2011-06-05 07:52:27', 'rO0ABXNyABNqYXZhLnV0aWwuQXJyYXlMaXN0eIHSHZnHYZ0DAAFJAARzaXpleHAAAAABdwQAAAAK\r\nc3IAKGNvbS5xcS5jc3Rhci5zcGVlZHltZWFsLmVudGl0eS5PcmRlckl0ZW3e0pbxz/rA1AIAAkkA\r\nBnBpZWNlc0wABG1lbnV0ACVMY29tL3FxL2NzdGFyL3NwZWVkeW1lYWwvZW50aXR5L01lbnU7eHAA\r\nAAABc3IAI2NvbS5xcS5jc3Rhci5zcGVlZHltZWFsLmVudGl0eS5NZW51lSdoPkrDZ+cCAAVJAARt\r\nZWlkRAANbWVudUl0ZW1QcmljZUkAA21pZEwADG1lbnVJdGVtTmFtZXQAEkxqYXZhL2xhbmcvU3Ry\r\naW5nO0wAB21lbnVQaWNxAH4ABnhwAAAAD0AqAAAAAAAAAAAAB3QAD+WKsuiEhum4oeiFv+WgoXB4\r\n'),
(8, 13, 10, 45, 0, '2011-06-09 14:24:20', 'rO0ABXNyABNqYXZhLnV0aWwuQXJyYXlMaXN0eIHSHZnHYZ0DAAFJAARzaXpleHAAAAACdwQAAAAK\r\nc3IAKGNvbS5xcS5jc3Rhci5zcGVlZHltZWFsLmVudGl0eS5PcmRlckl0ZW3e0pbxz/rA1AIAAkkA\r\nBnBpZWNlc0wABG1lbnV0ACVMY29tL3FxL2NzdGFyL3NwZWVkeW1lYWwvZW50aXR5L01lbnU7eHAA\r\nAAACc3IAI2NvbS5xcS5jc3Rhci5zcGVlZHltZWFsLmVudGl0eS5NZW51lSdoPkrDZ+cCAAVJAARt\r\nZWlkRAANbWVudUl0ZW1QcmljZUkAA21pZEwADG1lbnVJdGVtTmFtZXQAEkxqYXZhL2xhbmcvU3Ry\r\naW5nO0wAB21lbnVQaWNxAH4ABnhwAAAAJEBKAAAAAAAAAAAACnQAD+i2hee6p+iHs+Wwii85J3Bz\r\ncQB+AAIAAAAEc3EAfgAFAAAAI0BDgAAAAAAAAAAACnQAFemynOmmmeWfueagueavlOiQqC85J3B4\r\n');

-- --------------------------------------------------------

--
-- Table structure for table `menu`
--

DROP TABLE IF EXISTS `menu`;
CREATE TABLE IF NOT EXISTS `menu` (
  `meid` int(10) NOT NULL AUTO_INCREMENT,
  `mid` int(10) NOT NULL,
  `menuItemName` varchar(100) NOT NULL,
  `menuItemPrice` double(6,2) NOT NULL,
  `menuPic` varchar(100) DEFAULT NULL,
  `md_timestamp` timestamp NOT NULL DEFAULT CURRENT_TIMESTAMP ON UPDATE CURRENT_TIMESTAMP,
  PRIMARY KEY (`meid`),
  KEY `menu_merchant` (`mid`)
) ENGINE=InnoDB  DEFAULT CHARSET=utf8 AUTO_INCREMENT=47 ;

--
-- Dumping data for table `menu`
--

INSERT INTO `menu` (`meid`, `mid`, `menuItemName`, `menuItemPrice`, `menuPic`, `md_timestamp`) VALUES
(14, 7, 'È¶ôËæ£È∏°ËÖøÂ†°', 13.00, '2011061018580001.jpg', '2011-06-10 11:21:03'),
(15, 7, 'Âä≤ËÑÜÈ∏°ËÖøÂ†°', 13.00, '2011061018580002.jpg', '2011-06-10 11:22:22'),
(18, 7, 'Ëá≥ÁèçÂÖ®ËôæÂ†°', 15.00, '2011061018580004.jpg', '2011-06-10 11:24:04'),
(19, 7, 'ÂêÆÊåáÂéüÂë≥È∏°', 7.50, '2011061018580006.jpg', '2011-06-10 11:27:09'),
(20, 9, 'ÁâõËÖ©Á±≥Á≤âÂ•óÈ§ê', 16.00, NULL, '2011-05-29 08:01:47'),
(21, 9, 'Âç§ËèúÁ±≥Á≤âÂ•óÈ§ê', 16.00, NULL, '2011-05-29 08:02:39'),
(22, 9, 'ÂèâÁÉßÁ±≥Á≤âÂ•óÈ§ê', 16.00, NULL, '2011-05-29 08:02:36'),
(24, 9, 'ÈîÖÁÉßÁ±≥Á≤âÂ•óÈ§ê', 16.00, NULL, '2011-05-29 08:02:46'),
(29, 11, 'ÊãõÁâåÁâõËÇâÈ•≠/Ê†á', 17.50, '2011061019310009.jpg', '2011-06-10 11:44:56'),
(30, 11, 'Ê∂¶ÁÉß‰∏úÂù°È•≠/Ê†á', 17.50, '2011061019310007.jpg', '2011-06-10 11:39:00'),
(31, 11, 'Â±±Ë¥ºÁÉßÈ∏°È•≠/Ê†á', 18.50, '2011061019310008.jpg', '2011-06-10 11:39:33'),
(34, 10, 'È¶ôËÑÜÈ∏°ËÇâÊØîËê®/9''', 59.00, '2011061019310001.jpg', '2011-06-10 11:31:54'),
(35, 10, 'È≤úÈ¶ôÂüπÊ†πÊØîËê®/9''', 39.00, '2011061019310002.jpg', '2011-06-10 11:31:57'),
(36, 10, 'Ë∂ÖÁ∫ßËá≥Â∞ä/9''', 52.00, '2011061019310003.jpg', '2011-06-10 11:32:40'),
(37, 10, 'Êµ∑È≤úËá≥Â∞ä/9'' ', 52.00, '2011061019310004.jpg', '2011-06-10 11:34:10'),
(38, 10, 'ËÇâÈ¶ôËá≥Â∞ä/9''', 52.00, NULL, '2011-06-06 10:46:52'),
(39, 10, 'ÁæéÂºèÁ≤æÈÄâ/9''', 46.00, NULL, '2011-06-06 10:48:14'),
(40, 10, 'Áî∞Âõ≠È£éÂÖâ/9''', 46.00, '2011061019310005.jpg', '2011-06-10 11:34:49'),
(42, 10, '‰π≥ÈÖ™Â§ß‰ºö/9''', 45.00, '2011061019310006.jpg', '2011-06-10 11:35:51'),
(43, 11, ' ÂíñÂñ±ÁâõËÇâÈ•≠/Ê†á', 17.50, NULL, '2011-06-06 11:06:28'),
(44, 11, '‰ªÄÈî¶ËòëËèáÈ•≠', 15.50, NULL, '2011-06-06 11:06:58'),
(46, 7, 'Êñ∞Â••Â∞îËâØÁÉ§ÁøÖ', 8.50, '2011061018580005.jpg', '2011-06-10 11:26:42'),
(47, 7, 'Áî∞Âõ≠ËÑÜÈ∏°Â†°', 14.00, '2011061018580003.jpg', '2011-06-10 11:45:18');

-- --------------------------------------------------------

--
-- Table structure for table `merchant`
--

DROP TABLE IF EXISTS `merchant`;
CREATE TABLE IF NOT EXISTS `merchant` (
  `mid` int(10) NOT NULL AUTO_INCREMENT,
  `username` varchar(20) NOT NULL,
  `pwd` varchar(130) NOT NULL,
  `email` varchar(50) NOT NULL,
  `phone` varchar(20) DEFAULT NULL,
  `address` varchar(500) DEFAULT NULL,
  `companyName` varchar(100) NOT NULL,
  `status` int(10) DEFAULT NULL,
  `credits` int(10) DEFAULT NULL,
  `cr_timestamp` timestamp NOT NULL DEFAULT CURRENT_TIMESTAMP ON UPDATE CURRENT_TIMESTAMP,
  `pic` varchar(100) DEFAULT NULL,
  PRIMARY KEY (`mid`)
) ENGINE=InnoDB  DEFAULT CHARSET=utf8 AUTO_INCREMENT=14 ;

--
-- Dumping data for table `merchant`
--

INSERT INTO `merchant` (`mid`, `username`, `pwd`, `email`, `phone`, `address`, `companyName`, `status`, `credits`, `cr_timestamp`, `pic`) VALUES
(7, 'kfc', 'e10adc3949ba59abbe56e057f20f883e', 'kfc@gmail.com', '4008823823', 'Âåó‰∫¨Â∏Ç', 'ËÇØÂæ∑Âü∫ÔºàKFCÔºâ', 0, 0, '2011-06-10 08:48:35', 'hello.jpeg'),
(9, 'sgg', 'e10adc3949ba59abbe56e057f20f883e', 'admin@51guigui.com', '010-81828000', 'Êµ∑Ê∑ÄÂå∫Áü•Êò•Ë∑Ø29Âè∑Â§ßËøêÊùëÂÖ¨ÂØì7Âè∑Ê•ºÂ∫ï', 'ÁàΩÔºÅÊ°ÇÊ°Ç', 0, 0, '2011-05-29 10:55:48', NULL),
(10, 'bsk', 'e10adc3949ba59abbe56e057f20f883e', 'bsk@gmail.com', '010-12345678', NULL, 'ÂøÖËÉúÂÆ¢', 0, 0, '2011-05-29 13:32:21', NULL),
(11, 'jiyejia', 'e10adc3949ba59abbe56e057f20f883e', 'jiyejia@jyj.com', '010-670285388', NULL, 'ÂêâÈáéÂÆ∂Yoshinoya', 0, 0, '2011-06-05 03:32:03', NULL),
(12, 'yhdw', 'e10adc3949ba59abbe56e057f20f883e', 'yhdw@gmail.com', '010-67085388', NULL, 'Ê∞∏ÂíåÂ§ßÁéã', 0, 0, '2011-06-07 07:33:13', NULL),
(13, 'mcdonalds', 'e10adc3949ba59abbe56e057f20f883e', 'admin@mcdonalds.com.cn', '010-67085388', NULL, 'È∫¶ÂΩìÂä≥', 0, 0, '2011-06-08 10:48:59', NULL);

-- --------------------------------------------------------

--
-- Table structure for table `user`
--

DROP TABLE IF EXISTS `user`;
CREATE TABLE IF NOT EXISTS `user` (
  `uid` int(10) NOT NULL AUTO_INCREMENT,
  `username` varchar(20) NOT NULL,
  `pwd` varchar(130) NOT NULL,
  `email` varchar(50) NOT NULL,
  `phone` varchar(20) DEFAULT NULL,
  `credit` int(11) unsigned DEFAULT '0',
  `status` int(11) DEFAULT '0',
  `location` varchar(1024) DEFAULT NULL,
  `address` varchar(500) DEFAULT NULL,
  `cr_timestamp` timestamp NOT NULL DEFAULT CURRENT_TIMESTAMP ON UPDATE CURRENT_TIMESTAMP,
  PRIMARY KEY (`uid`)
) ENGINE=InnoDB  DEFAULT CHARSET=utf8 AUTO_INCREMENT=14 ;

--
-- Dumping data for table `user`
--

INSERT INTO `user` (`uid`, `username`, `pwd`, `email`, `phone`, `credit`, `status`, `location`, `address`, `cr_timestamp`) VALUES
(13, 'yecol', 'e10adc3949ba59abbe56e057f20f883e', 'xujb1987@gmail.com', '15011019321', 0, 0, 'rO0ABXNyACdjb20ucXEuY3N0YXIuc3BlZWR5bWVhbC5lbnRpdHkuTG9jYXRpb27ax9u7lpO6BAIA\r\nAkQACGxhdGl0dWRlRAAJbG9uZ2l0dWRleHBAQ/3ScU7uqEBdFlHZ2VQX', 'Âåó‰∫¨Â∏ÇÊµ∑Ê∑ÄÂå∫Â≠¶Èô¢Ë∑Ø37Âè∑Ëà™Á©∫Ëà™Â§©Â§ßÂ≠¶', '2011-05-29 08:37:03');

--
-- Constraints for dumped tables
--

--
-- Constraints for table `branch`
--
ALTER TABLE `branch`
  ADD CONSTRAINT `branch_merchant` FOREIGN KEY (`mid`) REFERENCES `merchant` (`mid`) ON DELETE CASCADE;

--
-- Constraints for table `invoice`
--
ALTER TABLE `invoice`
  ADD CONSTRAINT `order_merchant` FOREIGN KEY (`mid`) REFERENCES `merchant` (`mid`) ON DELETE CASCADE ON UPDATE CASCADE,
  ADD CONSTRAINT `order_user` FOREIGN KEY (`uid`) REFERENCES `user` (`uid`) ON DELETE CASCADE ON UPDATE CASCADE;

--
-- Constraints for table `menu`
--
ALTER TABLE `menu`
  ADD CONSTRAINT `menu_merchant` FOREIGN KEY (`mid`) REFERENCES `merchant` (`mid`) ON DELETE CASCADE;

/*!40101 SET CHARACTER_SET_CLIENT=@OLD_CHARACTER_SET_CLIENT */;
/*!40101 SET CHARACTER_SET_RESULTS=@OLD_CHARACTER_SET_RESULTS */;
/*!40101 SET COLLATION_CONNECTION=@OLD_COLLATION_CONNECTION */;
