-- phpMyAdmin SQL Dump
-- version 3.2.4
-- http://www.phpmyadmin.net
--
-- Host: localhost
-- Generation Time: Jun 06, 2011 at 01:57 œ¬ŒÁ
-- Server version: 5.1.41
-- PHP Version: 5.3.1

SET SQL_MODE="NO_AUTO_VALUE_ON_ZERO";


/*!40101 SET @OLD_CHARACTER_SET_CLIENT=@@CHARACTER_SET_CLIENT */;
/*!40101 SET @OLD_CHARACTER_SET_RESULTS=@@CHARACTER_SET_RESULTS */;
/*!40101 SET @OLD_COLLATION_CONNECTION=@@COLLATION_CONNECTION */;
/*!40101 SET NAMES utf8 */;

--
-- Database: `speedymealdb`
--

-- --------------------------------------------------------

--
-- Table structure for table `branch`
--

DROP TABLE IF EXISTS `branch`;
CREATE TABLE IF NOT EXISTS `branch` (
  `bid` int(10) NOT NULL AUTO_INCREMENT,
  `mid` int(10) NOT NULL,
  `branchName` varchar(100) NOT NULL,
  `branchAddress` varchar(200) NOT NULL,
  `branchPhone` varchar(20) NOT NULL,
  `branchLocation` varchar(1024) NOT NULL DEFAULT 'rO0ABXNyACdjb20ucXEuY3N0YXIuc3BlZWR5bWVhbC5lbnRpdHkuTG9jYXRpb27ax9u7lpO6BAIA',
  `branchDeliveryArea` varchar(2048) NOT NULL,
  `areaType` int(2) NOT NULL DEFAULT '0',
  PRIMARY KEY (`bid`),
  KEY `branch_merchant` (`mid`)
) ENGINE=InnoDB  DEFAULT CHARSET=utf8 AUTO_INCREMENT=85 ;

--
-- Dumping data for table `branch`
--

INSERT INTO `branch` (`bid`, `mid`, `branchName`, `branchAddress`, `branchPhone`, `branchLocation`, `branchDeliveryArea`, `areaType`) VALUES
(27, 7, 'Â§ßËøêÊùëÂ∫ó', 'Êµ∑Ê∑ÄÂå∫Áü•Êò•Ë∑Ø29Âè∑Â§ßËøêÊùëÂ≠¶ÁîüÂÖ¨ÂØìÂ∫ïÂ±Ç‰∏ú‰æßÂïÜÈì∫', '010-82357298', 'rO0ABXNyACdjb20ucXEuY3N0YXIuc3BlZWR5bWVhbC5lbnRpdHkuTG9jYXRpb27ax9u7lpO6BAIA\r\nAkQACGxhdGl0dWRlRAAJbG9uZ2l0dWRleHBAQ/0OmcmUuEBdFgUPHwH1', 'rO0ABXNyABNqYXZhLnV0aWwuQXJyYXlMaXN0eIHSHZnHYZ0DAAFJAARzaXpleHAAAAAHdwQAAAAK\r\nc3IAJ2NvbS5xcS5jc3Rhci5zcGVlZHltZWFsLmVudGl0eS5Mb2NhdGlvbtrH27uWk7oEAgACRAAI\r\nbGF0aXR1ZGVEAAlsb25naXR1ZGV4cEBD/QxesxO+QF0XZ3cHnlpzcQB+AAJAQ/5jH4oJA0BdF17x\r\n/d6+c3EAfgACQEP+NedCmdlAXRTujRD1G3NxAH4AAkBD/ZIQOFxoQF0U9EkSmIlzcQB+AAJAQ/2S\r\nEDhcaEBdFVmJ3xFzc3EAfgACQEP75SFXaJ1AXRVglWwNb3NxAH4AAkBD++lj3EhrQF0XYbsF+ux4\r\n', 0),
(28, 7, 'Â≠¶Èô¢ÂçóË∑ØÂ∫ó', 'Âåó‰∫¨Â∏ÇË•øÂüéÂå∫Ë•øÁõ¥Èó®ÂåóÂ§ßË°ó32Âè∑Êû´ËìùÂõΩÈôÖË¥≠Áâ©‰∏≠ÂøÉBÂ∫ß1Ê•º', '010-62275657', 'rO0ABXNyACdjb20ucXEuY3N0YXIuc3BlZWR5bWVhbC5lbnRpdHkuTG9jYXRpb27ax9u7lpO6BAIA\r\nAkQACGxhdGl0dWRlRAAJbG9uZ2l0dWRleHBAQ/nY9kE2qEBdFrc1S7MA', 'rO0ABXNyABNqYXZhLnV0aWwuQXJyYXlMaXN0eIHSHZnHYZ0DAAFJAARzaXpleHAAAAAOdwQAAAAQ\r\nc3IAJ2NvbS5xcS5jc3Rhci5zcGVlZHltZWFsLmVudGl0eS5Mb2NhdGlvbtrH27uWk7oEAgACRAAI\r\nbGF0aXR1ZGVEAAlsb25naXR1ZGV4cEBD+94/u9eyQF0WsunMt9RzcQB+AAJAQ/vgiu+yq0BdF7AL\r\ny+Ydc3EAfgACQEP6nR9gF5hAXRe801qFiHNxAH4AAkBD+qfvnbItQF0YR+z+m3xzcQB+AAJAQ/nQ\r\nUpNKy0BdGEPUaybAc3EAfgACQEP5axHG0eFAXRgmLLpzLnNxAH4AAkBD+W0JF9a2QF0XysCDEm9z\r\ncQB+AAJAQ/hwuM+/xkBdF9YOlO45c3EAfgACQEP4UpNKyv9AXRaGBWgezXNxAH4AAkBD+M+/xlQN\r\nQF0WfDDTBqNzcQB+AAJAQ/lM7EHdGkBdFcxj8UEgc3EAfgACQEP54bCJoCdAXRV6zE74jHNxAH4A\r\nAkBD+pJPIn0DQF0VcnE2pAFzcQB+AAJAQ/vcSGrS3UBdFWAXl8w6eA==', 0),
(29, 7, 'ÂâçÈó®Â∫ó', 'Âåó‰∫¨Â∏ÇË•øÂüéÂå∫ÂâçÈó®Ë•øÂ§ßË°ó', '010-63034430', 'rO0ABXNyACdjb20ucXEuY3N0YXIuc3BlZWR5bWVhbC5lbnRpdHkuTG9jYXRpb27ax9u7lpO6BAIA\r\nAkQACGxhdGl0dWRlRAAJbG9uZ2l0dWRleHBAQ/M7pvDMLEBdGXiKS8Mg', 'rO0ABXNyABNqYXZhLnV0aWwuQXJyYXlMaXN0eIHSHZnHYZ0DAAFJAARzaXpleHAAAAAMdwQAAAAQ\r\nc3IAJ2NvbS5xcS5jc3Rhci5zcGVlZHltZWFsLmVudGl0eS5Mb2NhdGlvbtrH27uWk7oEAgACRAAI\r\nbGF0aXR1ZGVEAAlsb25naXR1ZGV4cEBD81jiGWUsQF0axcE/0NBzcQB+AAJAQ/JRbbDdg0BdGst9\r\nQXQ/c3EAfgACQEPyQlruYyBAXRnPqs2ehHNxAH4AAkBD8e4kNWluQF0ZGkvboKVzcQB+AAJAQ/HW\r\njGkvb0BdF/ReC04Sc3EAfgACQEPzKV6eGwlAXRf0XgtOEnNxAH4AAkBD9CWu5jH5QF0X7sv7FbVz\r\ncQB+AAJAQ/Qn+hoM8kBdGQ79ycTbc3EAfgACQEPzRTjvNNdAXRkXgtOEd3NxAH4AAkBD81aW5Yoz\r\nQF0aCAc1fmdzcQB+AAJAQ/Q3DNyHVUBdGgPEsJ6Zc3EAfgACQEP0SGrS3LFAXRrF6zE74ng=', 0),
(30, 7, 'Â∑¶ÂÆ∂Â∫ÑÂ∫ó', '‰∏≠ÂõΩÂåó‰∫¨Â∏ÇÊúùÈò≥Âå∫Â∑¶ÂÆ∂Â∫Ñ', '010-64686606', 'rO0ABXNyACdjb20ucXEuY3N0YXIuc3BlZWR5bWVhbC5lbnRpdHkuTG9jYXRpb27ax9u7lpO6BAIA\r\nAkQACGxhdGl0dWRlRAAJbG9uZ2l0dWRleHBAQ/tHovQxBEBdHJ4fZ7NF', 'rO0ABXNyABNqYXZhLnV0aWwuQXJyYXlMaXN0eIHSHZnHYZ0DAAFJAARzaXpleHAAAAABdwQAAAAK\r\nc3IAJ2NvbS5xcS5jc3Rhci5zcGVlZHltZWFsLmVudGl0eS5Mb2NhdGlvbtrH27uWk7oEAgACRAAI\r\nbGF0aXR1ZGVEAAlsb25naXR1ZGV4cEBD+NZNfw7UQF0eNedCmdl4', 0),
(35, 9, 'Áü•Êò•Ë∑ØÂ∫ó', 'Êµ∑Ê∑ÄÂå∫Áü•Êò•Ë∑Ø29Âè∑Â§ßËøêÊùëÂÖ¨ÂØì7Âè∑Ê•ºÂ∫ï', '010-81828000', 'rO0ABXNyACdjb20ucXEuY3N0YXIuc3BlZWR5bWVhbC5lbnRpdHkuTG9jYXRpb27ax9u7lpO6BAIA\r\nAkQACGxhdGl0dWRlRAAJbG9uZ2l0dWRleHBAQ/07PJClgEBdFd2OjEdh', 'rO0ABXNyABNqYXZhLnV0aWwuQXJyYXlMaXN0eIHSHZnHYZ0DAAFJAARzaXpleHAAAAABdwQAAAAK\r\nc3IAJ2NvbS5xcS5jc3Rhci5zcGVlZHltZWFsLmVudGl0eS5Mb2NhdGlvbtrH27uWk7oEAgACRAAI\r\nbGF0aXR1ZGVEAAlsb25naXR1ZGV4cEBD/K0D2alUQF0Wws5GSZB4', 0),
(36, 7, 'È≠èÂÖ¨ÊùëÂ∫ó', 'Âåó‰∫¨Â∏ÇÊµ∑Ê∑ÄÂå∫È≠èÂÖ¨ÊùëË∑Ø5Âè∑', '010-68428619', 'rO0ABXNyACdjb20ucXEuY3N0YXIuc3BlZWR5bWVhbC5lbnRpdHkuTG9jYXRpb27ax9u7lpO6BAIA\r\nAkQACGxhdGl0dWRlRAAJbG9uZ2l0dWRleHBAQ/qWqaOoPEBdFJxu/NU5', 'rO0ABXNyABNqYXZhLnV0aWwuQXJyYXlMaXN0eIHSHZnHYZ0DAAFJAARzaXpleHAAAAABdwQAAAAK\r\nc3IAJ2NvbS5xcS5jc3Rhci5zcGVlZHltZWFsLmVudGl0eS5Mb2NhdGlvbtrH27uWk7oEAgACRAAI\r\nbGF0aXR1ZGVEAAlsb25naXR1ZGV4cEBD+Ktga3qiQF0V/GVAzHl4', 0),
(37, 7, 'Â≠¶Èô¢ÂçóË∑ØÂ∫ó', 'Êµ∑Ê∑ÄÂå∫Â≠¶Èô¢ÂçóË∑Ø50Âè∑', '010-62276698', 'rO0ABXNyACdjb20ucXEuY3N0YXIuc3BlZWR5bWVhbC5lbnRpdHkuTG9jYXRpb27ax9u7lpO6BAIA\r\nAkQACGxhdGl0dWRlRAAJbG9uZ2l0dWRleHBAQ/qfyPseWEBdFmtmppBP', 'rO0ABXNyABNqYXZhLnV0aWwuQXJyYXlMaXN0eIHSHZnHYZ0DAAFJAARzaXpleHAAAAAIdwQAAAAK\r\nc3IAJ2NvbS5xcS5jc3Rhci5zcGVlZHltZWFsLmVudGl0eS5Mb2NhdGlvbtrH27uWk7oEAgACRAAI\r\nbGF0aXR1ZGVEAAlsb25naXR1ZGV4cEBD+9QXQ+lkQF0Wy6cy31BzcQB+AAJAQ/vhMrVe8kBdF64U\r\neuFIc3EAfgACQEP6ogmqo61AXRe9pRGc4HNxAH4AAkBD+XrMTviMQF0XvvSc9W9zcQB+AAJAQ/h1\r\noxpL3EBdFsYVIqb0c3EAfgACQEP5kmQbMotAXRWBMBZIQXNxAH4AAkBD+8lHBk7PQF0VVEuxrzpz\r\ncQB+AAJAQ/vUF0PpZEBdFr26ClJpeA==', 0),
(38, 11, 'Â≠¶Èô¢Ë∑ØÂ∫ó', 'Êµ∑Ê∑ÄÂå∫Â≠¶Èô¢Ë∑ØÁî≤38Âè∑ÈïøÂüéÁîµËÑëÂ§ßÂé¶', '010-82968118', 'rO0ABXNyACdjb20ucXEuY3N0YXIuc3BlZWR5bWVhbC5lbnRpdHkuTG9jYXRpb27ax9u7lpO6BAIA\r\nAkQACGxhdGl0dWRlRAAJbG9uZ2l0dWRleHBAQ/2tCaE2sEBdFsN5XgBD', 'rO0ABXNyABNqYXZhLnV0aWwuQXJyYXlMaXN0eIHSHZnHYZ0DAAFJAARzaXpleHAAAAABdwQAAAAK\r\nc3IAJ2NvbS5xcS5jc3Rhci5zcGVlZHltZWFsLmVudGl0eS5Mb2NhdGlvbtrH27uWk7oEAgACRAAI\r\nbGF0aXR1ZGVEAAlsb25naXR1ZGV4cEBD/KODJ2dNQF0XsAvL5h14', 0),
(39, 7, 'Âè≥ÂÆâÈó®Â∫ó', 'Âè≥ÂÆâÈó®Â§ßË°ó2Âè∑Ëø¶ÂçóÂÖ¨ÂØìCÂ∫ß1Â±ÇË•øÈÉ®', '010-83516485', 'rO0ABXNyACdjb20ucXEuY3N0YXIuc3BlZWR5bWVhbC5lbnRpdHkuTG9jYXRpb27ax9u7lpO6BAIA\r\nAkQACGxhdGl0dWRlRAAJbG9uZ2l0dWRleHBAQ+9osiG8REBdFzEVHsOP', 'rO0ABXNyABNqYXZhLnV0aWwuQXJyYXlMaXN0eIHSHZnHYZ0DAAFJAARzaXpleHAAAAABdwQAAAAK\r\nc3IAJ2NvbS5xcS5jc3Rhci5zcGVlZHltZWFsLmVudGl0eS5Mb2NhdGlvbtrH27uWk7oEAgACRAAI\r\nbGF0aXR1ZGVEAAlsb25naXR1ZGV4cEBD7g1FYuCgQF0YSmIj4Yd4', 0),
(40, 7, '‰∫¨ÂπøÂ∫ó', 'Âåó‰∫¨Â∏ÇÊúùÈò≥Âå∫‰∏ú‰∏âÁéØ‰∫¨ÂπøÂ§ßÂé¶È¶ñÂ±Ç', '010-65978101', 'rO0ABXNyACdjb20ucXEuY3N0YXIuc3BlZWR5bWVhbC5lbnRpdHkuTG9jYXRpb27ax9u7lpO6BAIA\r\nAkQACGxhdGl0dWRlRAAJbG9uZ2l0dWRleHBAQ/YA0LwU+EBdHYKDBr/J', 'rO0ABXNyABNqYXZhLnV0aWwuQXJyYXlMaXN0eIHSHZnHYZ0DAAFJAARzaXpleHAAAAAFdwQAAAAK\r\nc3IAJ2NvbS5xcS5jc3Rhci5zcGVlZHltZWFsLmVudGl0eS5Mb2NhdGlvbtrH27uWk7oEAgACRAAI\r\nbGF0aXR1ZGVEAAlsb25naXR1ZGV4cEBD+QkX1rZbQF0dY4hllK9zcQB+AAJAQ/h64UeuFEBdH0SR\r\nKYiQc3EAfgACQEP0iaAnUlRAXR9dzGPxQXNxAH4AAkBD9I3irDIjQF0cOYIBzWBzcQB+AAJAQ/kJ\r\nF9a2W0BdHESmIj4YeA==', 0),
(41, 10, 'ÊúùÁôæÂàÜÂ∫ó', '‰∏≠ÂõΩÂåó‰∫¨Â∏ÇÊúùÈò≥Âå∫ÊÉ†Êñ∞Ë•øË°ó23Âè∑', '400-8123123', 'rO0ABXNyACdjb20ucXEuY3N0YXIuc3BlZWR5bWVhbC5lbnRpdHkuTG9jYXRpb27ax9u7lpO6BAIA\r\nAkQACGxhdGl0dWRlRAAJbG9uZ2l0dWRleHBAQ/12XFZXzEBdGpAyaMEu', 'rO0ABXNyABNqYXZhLnV0aWwuQXJyYXlMaXN0eIHSHZnHYZ0DAAFJAARzaXpleHAAAAAKdwQAAAAK\r\nc3IAJ2NvbS5xcS5jc3Rhci5zcGVlZHltZWFsLmVudGl0eS5Mb2NhdGlvbtrH27uWk7oEAgACRAAI\r\nbGF0aXR1ZGVEAAlsb25naXR1ZGV4cEBEAHEMspXqQF0ankT6BRRzcQB+AAJARABXKbKA8UBdG09h\r\nZyMlc3EAfgACQEP/e54GD+RAXRxJul41P3NxAH4AAkBD/2pAD7qIQF0cvRJEpiJzcQB+AAJAQ/w/\r\n5ckdFUBdG6a1Cw8oc3EAfgACQEP8B91EE1VAXRhmEoOQQ3NxAH4AAkBD/RNATqSpQF0YcWCVbA1z\r\ncQB+AAJAQ/6F23azvEBdGERSP2f1c3EAfgACQEP+kqMFUyZAXRimygPEsXNxAH4AAkBEAF+uvECO\r\nQF0YshgVoHt4', 0),
(42, 10, 'Ë•øÁõ¥Èó®Â∫ó', 'Êµ∑Ê∑ÄÂå∫Ë•øÁõ¥Èó®ÂåóÂ§ßË°ó', '400-8123123', 'rO0ABXNyACdjb20ucXEuY3N0YXIuc3BlZWR5bWVhbC5lbnRpdHkuTG9jYXRpb27ax9u7lpO6BAIA\r\nAkQACGxhdGl0dWRlRAAJbG9uZ2l0dWRleHBAQ/rLzcrmIEBdFoG5nSwf', 'rO0ABXNyABNqYXZhLnV0aWwuQXJyYXlMaXN0eIHSHZnHYZ0DAAFJAARzaXpleHAAAAAIdwQAAAAK\r\nc3IAJ2NvbS5xcS5jc3Rhci5zcGVlZHltZWFsLmVudGl0eS5Mb2NhdGlvbtrH27uWk7oEAgACRAAI\r\nbGF0aXR1ZGVEAAlsb25naXR1ZGV4cEBD/RHww0wbQF0WjOcDr7hzcQB+AAJAQ/0i+tbLU0BdGHOB\r\n19v1c3EAfgACQEP6shgVoHtAXRhdD6WPcXNxAH4AAkBD+ZVXFLnLQF0YXQ+lj3FzcQB+AAJAQ/lh\r\nkRSP2kBdGFd9lVcVc3EAfgACQEP4jjaPCEZAXRbFQ2uPm3NxAH4AAkBD+XLvCuU2QF0VijL0SRNz\r\ncQB+AAJAQ/0NWluWKUBdFUEgW8AaeA==', 0),
(43, 7, '48Âè∑Â∫ó', 'Âåó‰∫¨Â∏ÇÊúùÈò≥Âå∫Âèå‰∫ïÊ°•Ë∑Ø', '010-88888888', 'rO0ABXNyACdjb20ucXEuY3N0YXIuc3BlZWR5bWVhbC5lbnRpdHkuTG9jYXRpb27ax9u7lpO6BAIA\r\nAkQACGxhdGl0dWRlRAAJbG9uZ2l0dWRleHBAQ/Ivv5LlhEBdHYW7nU2K', 'rO0ABXNyABNqYXZhLnV0aWwuQXJyYXlMaXN0eIHSHZnHYZ0DAAFJAARzaXpleHAAAAABdwQAAAAK\r\nc3IAJ2NvbS5xcS5jc3Rhci5zcGVlZHltZWFsLmVudGl0eS5Mb2NhdGlvbtrH27uWk7oEAgACRAAI\r\nbGF0aXR1ZGVEAAlsb25naXR1ZGV4cEBD8yGBWgezQF0fF9a2Wpt4', 0),
(44, 7, 'ÂπøÂÆâË∑ØÂ∫ó', 'Âåó‰∫¨Â∏Ç‰∏∞Âè∞Âå∫ÂπøÂÆâË∑Ø', '010-63471718', 'rO0ABXNyACdjb20ucXEuY3N0YXIuc3BlZWR5bWVhbC5lbnRpdHkuTG9jYXRpb27ax9u7lpO6BAIA\r\nAkQACGxhdGl0dWRlRAAJbG9uZ2l0dWRleHBAQ/Gnu9L9lEBdFER9Hw+F', 'rO0ABXNyABNqYXZhLnV0aWwuQXJyYXlMaXN0eIHSHZnHYZ0DAAFJAARzaXpleHAAAAABdwQAAAAK\r\nc3IAJ2NvbS5xcS5jc3Rhci5zcGVlZHltZWFsLmVudGl0eS5Mb2NhdGlvbtrH27uWk7oEAgACRAAI\r\nbGF0aXR1ZGVEAAlsb25naXR1ZGV4cEBD9bwBo24vQF0T9a2WpqB4', 0),
(45, 10, 'ÂèåÊ∏ÖË∑ØÂ∫ó', 'Âåó‰∫¨Â∏ÇÊµ∑Ê∑ÄÂå∫ÂèåÊ∏ÖË∑Ø88Âè∑‰∏ÄÂ±Ç', '4000-81231213', 'rO0ABXNyACdjb20ucXEuY3N0YXIuc3BlZWR5bWVhbC5lbnRpdHkuTG9jYXRpb27ax9u7lpO6BAIA\r\nAkQACGxhdGl0dWRlRAAJbG9uZ2l0dWRleHBAQ/6Cx6myDEBdFTkmYJhs', 'rO0ABXNyABNqYXZhLnV0aWwuQXJyYXlMaXN0eIHSHZnHYZ0DAAFJAARzaXpleHAAAAANdwQAAAAQ\r\nc3IAJ2NvbS5xcS5jc3Rhci5zcGVlZHltZWFsLmVudGl0eS5Mb2NhdGlvbtrH27uWk7oEAgACRAAI\r\nbGF0aXR1ZGVEAAlsb25naXR1ZGV4cEBEAbR4QjD9QF0VBnjABT5zcQB+AAJARAG7BfrrxEBdFTfJ\r\nmuklc3EAfgACQEQBGXokiUxAXRWm3vx6OnNxAH4AAkBEAQpnYg7pQF0Wjt5UtI1zcQB+AAJAQ/0F\r\nfReC1EBdFqR+z+m4c3EAfgACQEP851eSjg1AXRRQSBbwB3NxAH4AAkBD/Njslb/wQF0TSflIVdpz\r\ncQB+AAJAQ/4pH7P6bkBdEz6rNnoQc3EAfgACQEP/l3hXKbNAXRLjaPCEYnNxAH4AAkBEAAD7qIJr\r\nQF0UH8jzI3lzcQB+AAJARAC3LFGXokBdFCVbA1vVc3EAfgACQEQA01qFh5RAXRRnjABT43NxAH4A\r\nAkBEAaisXBP9QF0UYc/+sHV4', 0),
(46, 7, 'ÂÖâÂΩ©Ë∑ØÊÖßÊó∂Ê¨£Âõ≠Â∫ó', 'Âåó‰∫¨Â∏Ç‰∏∞Âè∞Âå∫ÂÖâÂΩ©Ë∑ØÊÖßÊó∂Ê¨£Âõ≠10Âè∑Ê•ºÈ¶ñÂ±Ç', '010-67233049', 'rO0ABXNyACdjb20ucXEuY3N0YXIuc3BlZWR5bWVhbC5lbnRpdHkuTG9jYXRpb27ax9u7lpO6BAIA\r\nAkQACGxhdGl0dWRlRAAJbG9uZ2l0dWRleHBAQ+zrnX1R6EBdGnrYjg/b', 'rO0ABXNyABNqYXZhLnV0aWwuQXJyYXlMaXN0eIHSHZnHYZ0DAAFJAARzaXpleHAAAAAFdwQAAAAK\r\nc3IAJ2NvbS5xcS5jc3Rhci5zcGVlZHltZWFsLmVudGl0eS5Mb2NhdGlvbtrH27uWk7oEAgACRAAI\r\nbGF0aXR1ZGVEAAlsb25naXR1ZGV4cEBD7uCf6Gg0QF0ZCmdiDulzcQB+AAJAQ+8LjPv8ZUBdHL3j\r\n+717c3EAfgACQEPrZvkzXSVAXRztu1ndwnNxAH4AAkBD7C2MKkVOQF0YUzsQd0dzcQB+AAJAQ+8/\r\nUvwmV0BdGGnXNC7ceA==', 0),
(47, 10, 'Âåó‰∏âÁéØ‰∏úË∑ØÂ∫ó', 'ÊúùÈò≥Âå∫Âåó‰∏âÁéØ‰∏úË∑Ø', '4000-81231213', 'rO0ABXNyACdjb20ucXEuY3N0YXIuc3BlZWR5bWVhbC5lbnRpdHkuTG9jYXRpb27ax9u7lpO6BAIA\r\nAkQACGxhdGl0dWRlRAAJbG9uZ2l0dWRleHBAQ/t576FRDEBdHJv39PH9', 'rO0ABXNyABNqYXZhLnV0aWwuQXJyYXlMaXN0eIHSHZnHYZ0DAAFJAARzaXpleHAAAAABdwQAAAAK\r\nc3IAJ2NvbS5xcS5jc3Rhci5zcGVlZHltZWFsLmVudGl0eS5Mb2NhdGlvbtrH27uWk7oEAgACRAAI\r\nbGF0aXR1ZGVEAAlsb25naXR1ZGV4cEBD+eSjgydnQF0dy7wrlNl4', 0),
(48, 7, '‰∏äÂú∞‰∏úÈáåÂ∫ó', 'Âåó‰∫¨Â∏ÇÊµ∑Ê∑ÄÂå∫‰∏äÂú∞‰∏úÈáå‰∏ÄÂå∫ÁßëË¥∏Â§ßÂé¶‰∏ÄÂ±Ç', '010-62968220', 'rO0ABXNyACdjb20ucXEuY3N0YXIuc3BlZWR5bWVhbC5lbnRpdHkuTG9jYXRpb27ax9u7lpO6BAIA\r\nAkQACGxhdGl0dWRlRAAJbG9uZ2l0dWRleHBARAQm/58WBEBdFChdH0US', 'rO0ABXNyABNqYXZhLnV0aWwuQXJyYXlMaXN0eIHSHZnHYZ0DAAFJAARzaXpleHAAAAABdwQAAAAK\r\nc3IAJ2NvbS5xcS5jc3Rhci5zcGVlZHltZWFsLmVudGl0eS5Mb2NhdGlvbtrH27uWk7oEAgACRAAI\r\nbGF0aXR1ZGVEAAlsb25naXR1ZGV4cEBEAPRzBAObQF0XldTo+wF4', 0),
(49, 10, 'ÈòúÊàêË∑ØÂàÜÂ∫ó', 'Âåó‰∫¨Â∏ÇÊµ∑Ê∑ÄÂå∫ÈòúÊàêË∑Ø51-2Âè∑', '010-68411129', 'rO0ABXNyACdjb20ucXEuY3N0YXIuc3BlZWR5bWVhbC5lbnRpdHkuTG9jYXRpb27ax9u7lpO6BAIA\r\nAkQACGxhdGl0dWRlRAAJbG9uZ2l0dWRleHBAQ/ZkeP8heEBdE6TCSjYA', 'rO0ABXNyABNqYXZhLnV0aWwuQXJyYXlMaXN0eIHSHZnHYZ0DAAFJAARzaXpleHAAAAAGdwQAAAAK\r\nc3IAJ2NvbS5xcS5jc3Rhci5zcGVlZHltZWFsLmVudGl0eS5Mb2NhdGlvbtrH27uWk7oEAgACRAAI\r\nbGF0aXR1ZGVEAAlsb25naXR1ZGV4cEBD92BreqJeQF0Tyhi9ZidzcQB+AAJAQ/dga3qiXkBdFMzM\r\nzMzNc3EAfgACQEP0H8jzI3lAXRTSXt0FKXNxAH4AAkBD9CyQgcLjQF0SzPa+N99zcQB+AAJAQ/W9\r\n+PRzBEBdEtKIznA7c3EAfgACQEP3aPCEYfpAXRLo+wC8vng=', 0),
(50, 7, 'ÂèåÊ°•È§êÂéÖ', 'ÂèåÊ°•Ë∑Ø2Âè∑Èô¢', '010-11111111', 'rO0ABXNyACdjb20ucXEuY3N0YXIuc3BlZWR5bWVhbC5lbnRpdHkuTG9jYXRpb27ax9u7lpO6BAIA\r\nAkQACGxhdGl0dWRlRAAJbG9uZ2l0dWRleHBAQ/SUxOUV8EBdJRrOAksG', 'rO0ABXNyABNqYXZhLnV0aWwuQXJyYXlMaXN0eIHSHZnHYZ0DAAFJAARzaXpleHAAAAAFdwQAAAAK\r\nc3IAJ2NvbS5xcS5jc3Rhci5zcGVlZHltZWFsLmVudGl0eS5Mb2NhdGlvbtrH27uWk7oEAgACRAAI\r\nbGF0aXR1ZGVEAAlsb25naXR1ZGV4cEBD9ugpSaVlQF0kKPXCj1xzcQB+AAJAQ/Z4GD+R5kBdJ0p3\r\nHJcPc3EAfgACQEPzb349HMFAXSeFnIyTIXNxAH4AAkBD8mgJ1JUYQF0lk7OmixpzcQB+AAJAQ/Sy\r\n6cy31EBdI4L9deIEeA==', 0),
(52, 10, 'ÊúùÂ§ñÂ∫ó', 'Âåó‰∫¨Â∏ÇÊúùÈò≥Âå∫ÊúùÈò≥Èó®Â§ñÂ§ßË°ó12Âè∑', '010-85633873', 'rO0ABXNyACdjb20ucXEuY3N0YXIuc3BlZWR5bWVhbC5lbnRpdHkuTG9jYXRpb27ax9u7lpO6BAIA\r\nAkQACGxhdGl0dWRlRAAJbG9uZ2l0dWRleHBAQ/YeUcTJaEBdHIy49Klv', 'rO0ABXNyABNqYXZhLnV0aWwuQXJyYXlMaXN0eIHSHZnHYZ0DAAFJAARzaXpleHAAAAAGdwQAAAAK\r\nc3IAJ2NvbS5xcS5jc3Rhci5zcGVlZHltZWFsLmVudGl0eS5Mb2NhdGlvbtrH27uWk7oEAgACRAAI\r\nbGF0aXR1ZGVEAAlsb25naXR1ZGV4cEBD94ZuQ6p6QF0cipvP1L9zcQB+AAJAQ/eFcpsoD0BdHYT0\r\nxubac3EAfgACQEP0+wC8vmJAXR2FSKm8/XNxAH4AAkBD9On2qT8pQF0b3JxNqQBzcQB+AAJAQ/Zj\r\nc2zfJkBdG8d5prULc3EAfgACQEP3j0cwQDpAXRvEsJ6Y3Xg=', 0),
(53, 7, '‰∫¶Â∫ÑÂ∫ó', 'Âåó‰∫¨Â∏ÇÂ§ßÂÖ¥Âå∫Ë•øÁéØÂåóË∑Ø18Âè∑', '010-67897941', 'rO0ABXNyACdjb20ucXEuY3N0YXIuc3BlZWR5bWVhbC5lbnRpdHkuTG9jYXRpb27ax9u7lpO6BAIA\r\nAkQACGxhdGl0dWRlRAAJbG9uZ2l0dWRleHBAQ+cBERL1MEBdHtj+0b6Y', 'rO0ABXNyABNqYXZhLnV0aWwuQXJyYXlMaXN0eIHSHZnHYZ0DAAFJAARzaXpleHAAAAABdwQAAAAK\r\nc3IAJ2NvbS5xcS5jc3Rhci5zcGVlZHltZWFsLmVudGl0eS5Mb2NhdGlvbtrH27uWk7oEAgACRAAI\r\nbGF0aXR1ZGVEAAlsb25naXR1ZGV4cEBD7GeMAFPjQF0esZpBX0Z4', 0),
(54, 7, 'ÈªÑÂ∫ÑË∑ØÂ∫ó', 'Âåó‰∫¨Â∏ÇÁü≥ÊôØÂ±±Âå∫ÈªÑÂ∫ÑË∑Ø', '010-22222222', 'rO0ABXNyACdjb20ucXEuY3N0YXIuc3BlZWR5bWVhbC5lbnRpdHkuTG9jYXRpb27ax9u7lpO6BAIA\r\nAkQACGxhdGl0dWRlRAAJbG9uZ2l0dWRleHBAQ/J8CnJ7wEBdDsR93A5V', 'rO0ABXNyABNqYXZhLnV0aWwuQXJyYXlMaXN0eIHSHZnHYZ0DAAFJAARzaXpleHAAAAAFdwQAAAAK\r\nc3IAJ2NvbS5xcS5jc3Rhci5zcGVlZHltZWFsLmVudGl0eS5Mb2NhdGlvbtrH27uWk7oEAgACRAAI\r\nbGF0aXR1ZGVEAAlsb25naXR1ZGV4cEBD8qdH2AXmQF0MaqjrRjVzcQB+AAJAQ/bVJ+UhV0BdDE0r\r\nK/21c3EAfgACQEP3EXLvCuVAXRD1wo9cKXNxAH4AAkBD8Jiy6cy4QF0RIqbz9TBzcQB+AAJAQ+8t\r\n9QXQ+kBdEAPEsJ6ZeA==', 0),
(55, 10, 'Â§ßÊàêË∑ØÂ∫ó', 'Âåó‰∫¨Â∏Ç‰∏∞Âè∞Âå∫Â§ßÊàêË∑Ø', '4000-81231213', 'rO0ABXNyACdjb20ucXEuY3N0YXIuc3BlZWR5bWVhbC5lbnRpdHkuTG9jYXRpb27ax9u7lpO6BAIA\r\nAkQACGxhdGl0dWRlRAAJbG9uZ2l0dWRleHBAQ/H2gTokdEBdEGLN+CJd', 'rO0ABXNyABNqYXZhLnV0aWwuQXJyYXlMaXN0eIHSHZnHYZ0DAAFJAARzaXpleHAAAAAHdwQAAAAK\r\nc3IAJ2NvbS5xcS5jc3Rhci5zcGVlZHltZWFsLmVudGl0eS5Mb2NhdGlvbtrH27uWk7oEAgACRAAI\r\nbGF0aXR1ZGVEAAlsb25naXR1ZGV4cEBD9CemNzbOQF0QXTmW+oNzcQB+AAJAQ/QjD8+A3EBdEiNj\r\nslcAc3EAfgACQEPwZOzposZAXRIqbz9S/HNxAH4AAkBD779ycTakQF0RQ79ycTdzcQB+AAJAQ++p\r\n0fYBeUBdDsJ6Y3Ntc3EAfgACQEPyBg/keZJAXQ7ZFocrAnNxAH4AAkBD9DLKV6eHQF0PFBIFvAJ4\r\n', 0),
(56, 7, 'ÁßëÂÖ¥Ë∑ØÂ∫ó', 'Âåó‰∫¨Â∏Ç‰∏∞Âè∞Âå∫ÊûóÂ≥∞Ë∑Ø', '010-63787602', 'rO0ABXNyACdjb20ucXEuY3N0YXIuc3BlZWR5bWVhbC5lbnRpdHkuTG9jYXRpb27ax9u7lpO6BAIA\r\nAkQACGxhdGl0dWRlRAAJbG9uZ2l0dWRleHBAQ+rjcHtvFEBdEjrUxrpx', 'rO0ABXNyABNqYXZhLnV0aWwuQXJyYXlMaXN0eIHSHZnHYZ0DAAFJAARzaXpleHAAAAABdwQAAAAK\r\nc3IAJ2NvbS5xcS5jc3Rhci5zcGVlZHltZWFsLmVudGl0eS5Mb2NhdGlvbtrH27uWk7oEAgACRAAI\r\nbGF0aXR1ZGVEAAlsb25naXR1ZGV4cEBD6ZJkGzKLQF0VnQpnYg94', 0),
(57, 10, 'ÂØå‰∏∞Ê°•Â∫ó', 'ÂØå‰∏∞Ê°•Ë•øÂçóËßíÂ∑•ÂïÜËÅîÂ§ßÂé¶ÊóÅ', '4000-81231213', 'rO0ABXNyACdjb20ucXEuY3N0YXIuc3BlZWR5bWVhbC5lbnRpdHkuTG9jYXRpb27ax9u7lpO6BAIA\r\nAkQACGxhdGl0dWRlRAAJbG9uZ2l0dWRleHBAQ+r1rEZWJEBdEh7DbUqV', 'rO0ABXNyABNqYXZhLnV0aWwuQXJyYXlMaXN0eIHSHZnHYZ0DAAFJAARzaXpleHAAAAABdwQAAAAK\r\nc3IAJ2NvbS5xcS5jc3Rhci5zcGVlZHltZWFsLmVudGl0eS5Mb2NhdGlvbtrH27uWk7oEAgACRAAI\r\nbGF0aXR1ZGVEAAlsb25naXR1ZGV4cEBD6jeKsMiKQF0ULJCBwuN4', 0),
(58, 7, 'È¶ñÈÉΩÊú∫Âú∫2Âè∑Ëà™Á´ôÊ•ºÂ∫ó', 'È¶ñÈÉΩÂõΩÈôÖÊú∫Âú∫2Âè∑Ëà™Á´ôÊ•ºB1', '010-64563139', 'rO0ABXNyACdjb20ucXEuY3N0YXIuc3BlZWR5bWVhbC5lbnRpdHkuTG9jYXRpb27ax9u7lpO6BAIA\r\nAkQACGxhdGl0dWRlRAAJbG9uZ2l0dWRleHBARApcmzuFFEBdJeIXmnAZ', 'rO0ABXNyABNqYXZhLnV0aWwuQXJyYXlMaXN0eIHSHZnHYZ0DAAFJAARzaXpleHAAAAAFdwQAAAAK\r\nc3IAJ2NvbS5xcS5jc3Rhci5zcGVlZHltZWFsLmVudGl0eS5Mb2NhdGlvbtrH27uWk7oEAgACRAAI\r\nbGF0aXR1ZGVEAAlsb25naXR1ZGV4cEBEC87ZFocrQF0kt/4IrvtzcQB+AAJARAvGACnxa0BdJh/y\r\n5I6Kc3EAfgACQEQGBg/keZJAXSihN/OMVHNxAH4AAkBEBJxNqQA/QF0nglWwNb1zcQB+AAJARAdE\r\nkSmIkEBdJHoPkJa8eA==', 0),
(59, 10, '58Âè∑Â∫ó', 'Âåó‰∫¨ÊúùÈò≥Âå∫‰∏ú‰∏âÁéØË∑Ø58Âè∑', '4000-81231213', 'rO0ABXNyACdjb20ucXEuY3N0YXIuc3BlZWR5bWVhbC5lbnRpdHkuTG9jYXRpb27ax9u7lpO6BAIA\r\nAkQACGxhdGl0dWRlRAAJbG9uZ2l0dWRleHBAQ/Ft3dndnEBdHYu/gLhR', 'rO0ABXNyABNqYXZhLnV0aWwuQXJyYXlMaXN0eIHSHZnHYZ0DAAFJAARzaXpleHAAAAABdwQAAAAK\r\nc3IAJ2NvbS5xcS5jc3Rhci5zcGVlZHltZWFsLmVudGl0eS5Mb2NhdGlvbtrH27uWk7oEAgACRAAI\r\nbGF0aXR1ZGVEAAlsb25naXR1ZGV4cEBD8cy31BdEQF0f/wRXfZV4', 0),
(60, 7, 'ÂêéÊµ∑Â∫ó', 'Âåó‰∫¨Â∏ÇË•øÂüéÂå∫Âú∞ÂÆâÈó®Â§ñÂ§ßË°ó178Âè∑', '010-84035361', 'rO0ABXNyACdjb20ucXEuY3N0YXIuc3BlZWR5bWVhbC5lbnRpdHkuTG9jYXRpb27ax9u7lpO6BAIA\r\nAkQACGxhdGl0dWRlRAAJbG9uZ2l0dWRleHBAQ/ea5ereuEBdGS2tHsPD', 'rO0ABXNyABNqYXZhLnV0aWwuQXJyYXlMaXN0eIHSHZnHYZ0DAAFJAARzaXpleHAAAAABdwQAAAAK\r\nc3IAJ2NvbS5xcS5jc3Rhci5zcGVlZHltZWFsLmVudGl0eS5Mb2NhdGlvbtrH27uWk7oEAgACRAAI\r\nbGF0aXR1ZGVEAAlsb25naXR1ZGV4cEBD+NFjNIK/QF0ZKtga3ql4', 0),
(61, 7, 'Ë•øÁõ¥Èó®Â∫ó', 'Âåó‰∫¨Â∏ÇË•øÂüéÂå∫Ë•øÁõ¥Èó®ÂçóÂ§ßË°ó15Âè∑', '010-68313159', 'rO0ABXNyACdjb20ucXEuY3N0YXIuc3BlZWR5bWVhbC5lbnRpdHkuTG9jYXRpb27ax9u7lpO6BAIA\r\nAkQACGxhdGl0dWRlRAAJbG9uZ2l0dWRleHBAQ/e0xtsm3EBdFq89Huo7', 'rO0ABXNyABNqYXZhLnV0aWwuQXJyYXlMaXN0eIHSHZnHYZ0DAAFJAARzaXpleHAAAAAEdwQAAAAK\r\nc3IAJ2NvbS5xcS5jc3Rhci5zcGVlZHltZWFsLmVudGl0eS5Mb2NhdGlvbtrH27uWk7oEAgACRAAI\r\nbGF0aXR1ZGVEAAlsb25naXR1ZGV4cEBD96OYIBzWQF0VKDkELYxzcQB+AAJAQ/XV5KODJ0BdFU+1\r\nSflIc3EAfgACQEP12icoYvZAXRhdjXnQpnNxAH4AAkBD+KYiPhhqQF0YWsRxtHh4', 0),
(62, 7, 'ÊòéÊòüÂ∫ó', 'Âåó‰∫¨Â∏Ç‰∏úÂüéÂå∫‰∏úÂõõÂåóË°ó535Âè∑', '010-64058962', 'rO0ABXNyACdjb20ucXEuY3N0YXIuc3BlZWR5bWVhbC5lbnRpdHkuTG9jYXRpb27ax9u7lpO6BAIA\r\nAkQACGxhdGl0dWRlRAAJbG9uZ2l0dWRleHBAQ/Y8/npObEBdGptNHvfN', 'rO0ABXNyABNqYXZhLnV0aWwuQXJyYXlMaXN0eIHSHZnHYZ0DAAFJAARzaXpleHAAAAAFdwQAAAAK\r\nc3IAJ2NvbS5xcS5jc3Rhci5zcGVlZHltZWFsLmVudGl0eS5Mb2NhdGlvbtrH27uWk7oEAgACRAAI\r\nbGF0aXR1ZGVEAAlsb25naXR1ZGV4cEBD9iM5wOvuQF0Zul41P31zcQB+AAJAQ/kaIeo1k0BdGcs+\r\nV1Okc3EAfgACQEP5IvrWy1NAXRsn5SFXaXNxAH4AAkBD9I2OyVv/QF0bggHNX5pzcQB+AAJAQ/Se\r\n7L+xW0BdGa8QI2OyeA==', 0),
(63, 7, 'ÂÆâË¥ûÂ∫ó', 'Âåó‰∫¨Â∏ÇÊúùÈò≥Âå∫ÂÆâÂçéÊ°•', '010-63567249', 'rO0ABXNyACdjb20ucXEuY3N0YXIuc3BlZWR5bWVhbC5lbnRpdHkuTG9jYXRpb27ax9u7lpO6BAIA\r\nAkQACGxhdGl0dWRlRAAJbG9uZ2l0dWRleHBAQ/wUiZXqlEBdGa8NHuN6', 'rO0ABXNyABNqYXZhLnV0aWwuQXJyYXlMaXN0eIHSHZnHYZ0DAAFJAARzaXpleHAAAAAFdwQAAAAK\r\nc3IAJ2NvbS5xcS5jc3Rhci5zcGVlZHltZWFsLmVudGl0eS5Mb2NhdGlvbtrH27uWk7oEAgACRAAI\r\nbGF0aXR1ZGVEAAlsb25naXR1ZGV4cEBD/uQ6p5u7QF0ZwrlNlAhzcQB+AAJAQ/7f+CK77UBdGJt7\r\n8ejmc3EAfgACQEP6OinHeadAXRihDgIhQnNxAH4AAkBD+gr6LwWnQF0aQV9F4LVzcQB+AAJAQ/7x\r\nVhkRSUBdGkFfReC1eA==', 0),
(64, 11, 'ÂÆâË¥ûÂ∫ó', 'Âåó‰∫¨Â∏ÇÊúùÈò≥Âå∫Âåó‰∏âÁéØ‰∏≠Ë∑ØÂÆâË¥ûË•øÈáå‰∫îÂå∫4Âè∑Ê•ºÂÆâË¥ûÂçéËÅîÂïÜÂé¶', '010-64425081', 'rO0ABXNyACdjb20ucXEuY3N0YXIuc3BlZWR5bWVhbC5lbnRpdHkuTG9jYXRpb27ax9u7lpO6BAIA\r\nAkQACGxhdGl0dWRlRAAJbG9uZ2l0dWRleHBAQ/wT2JGaWEBdGcIdHrrP', 'rO0ABXNyABNqYXZhLnV0aWwuQXJyYXlMaXN0eIHSHZnHYZ0DAAFJAARzaXpleHAAAAABdwQAAAAK\r\nc3IAJ2NvbS5xcS5jc3Rhci5zcGVlZHltZWFsLmVudGl0eS5Mb2NhdGlvbtrH27uWk7oEAgACRAAI\r\nbGF0aXR1ZGVEAAlsb25naXR1ZGV4cEBD/eEIw/PgQF0ZbbDdgv14', 0),
(65, 11, 'Ë•øÂùùÊ≤≥Â∫ó', 'Âåó‰∫¨Â∏ÇÊúùÈò≥Âå∫Ë•øÂùùÊ≤≥ÂçóË∑Ø', '010-64402827', 'rO0ABXNyACdjb20ucXEuY3N0YXIuc3BlZWR5bWVhbC5lbnRpdHkuTG9jYXRpb27ax9u7lpO6BAIA\r\nAkQACGxhdGl0dWRlRAAJbG9uZ2l0dWRleHBAQ/rdXIBomEBdG7W3vMcF', 'rO0ABXNyABNqYXZhLnV0aWwuQXJyYXlMaXN0eIHSHZnHYZ0DAAFJAARzaXpleHAAAAABdwQAAAAK\r\nc3IAJ2NvbS5xcS5jc3Rhci5zcGVlZHltZWFsLmVudGl0eS5Mb2NhdGlvbtrH27uWk7oEAgACRAAI\r\nbGF0aXR1ZGVEAAlsb25naXR1ZGV4cEBD+tbLU1AJQF0cb2lEZzh4', 0),
(66, 11, 'ÂêéÊµ∑Â∫ó', 'Âåó‰∫¨Â∏ÇË•øÂüéÂå∫Âú∞ÂÆâÈó®Â§ñÂ§ßË°ó', '010-64019905', 'rO0ABXNyACdjb20ucXEuY3N0YXIuc3BlZWR5bWVhbC5lbnRpdHkuTG9jYXRpb27ax9u7lpO6BAIA\r\nAkQACGxhdGl0dWRlRAAJbG9uZ2l0dWRleHBAQ/ih++XKpEBdGV19HsDh', 'rO0ABXNyABNqYXZhLnV0aWwuQXJyYXlMaXN0eIHSHZnHYZ0DAAFJAARzaXpleHAAAAABdwQAAAAK\r\nc3IAJ2NvbS5xcS5jc3Rhci5zcGVlZHltZWFsLmVudGl0eS5Mb2NhdGlvbtrH27uWk7oEAgACRAAI\r\nbGF0aXR1ZGVEAAlsb25naXR1ZGV4cEBD+F0PpY9xQF0Y4cWCVbB4', 0),
(67, 11, '30Âè∑Â∫ó', 'Âåó‰∫¨Â∏ÇË•øÂüéÂå∫ÈòúÂüéÈó®Â§ñÂ§ßË°ó', '010-68067330', 'rO0ABXNyACdjb20ucXEuY3N0YXIuc3BlZWR5bWVhbC5lbnRpdHkuTG9jYXRpb27ax9u7lpO6BAIA\r\nAkQACGxhdGl0dWRlRAAJbG9uZ2l0dWRleHBAQ/ZFdA5PmEBdFrE8tQmj', 'rO0ABXNyABNqYXZhLnV0aWwuQXJyYXlMaXN0eIHSHZnHYZ0DAAFJAARzaXpleHAAAAABdwQAAAAK\r\nc3IAJ2NvbS5xcS5jc3Rhci5zcGVlZHltZWFsLmVudGl0eS5Mb2NhdGlvbtrH27uWk7oEAgACRAAI\r\nbGF0aXR1ZGVEAAlsb25naXR1ZGV4cEBD983dbgTAQF0WEOAiFCd4', 0),
(68, 11, '‰∏úÊñπÊñ∞Â§©Âú∞Â∫ó', 'Âåó‰∫¨Â∏Ç‰∏úÂüéÂå∫‰∏úÈïøÂÆâË°ó‰∏úÊñπÊñ∞Â§©Âú∞Âú∞‰∏ã1Â±Ç', '010-85186162', 'rO0ABXNyACdjb20ucXEuY3N0YXIuc3BlZWR5bWVhbC5lbnRpdHkuTG9jYXRpb27ax9u7lpO6BAIA\r\nAkQACGxhdGl0dWRlRAAJbG9uZ2l0dWRleHBAQ/SwmfnznEBdGkm9HrKk', 'rO0ABXNyABNqYXZhLnV0aWwuQXJyYXlMaXN0eIHSHZnHYZ0DAAFJAARzaXpleHAAAAAEdwQAAAAK\r\nc3IAJ2NvbS5xcS5jc3Rhci5zcGVlZHltZWFsLmVudGl0eS5Mb2NhdGlvbtrH27uWk7oEAgACRAAI\r\nbGF0aXR1ZGVEAAlsb25naXR1ZGV4cEBD9J9Aood/QF0bh5Pdl/ZzcQB+AAJAQ/buYx+KCUBdG3Eh\r\nq0tzc3EAfgACQEP23QUpNK1AXRmjwhGH6HNxAH4AAkBD88ejmCAdQF0Z7P6be/J4', 0),
(69, 11, 'Ë•øÂçïÂ∫ó', 'Âåó‰∫¨Â∏ÇË•øÂüéÂå∫Ë•øÂçïÂåóË°ó131Âè∑', '010-59716301', 'rO0ABXNyACdjb20ucXEuY3N0YXIuc3BlZWR5bWVhbC5lbnRpdHkuTG9jYXRpb27ax9u7lpO6BAIA\r\nAkQACGxhdGl0dWRlRAAJbG9uZ2l0dWRleHBAQ/RV/mAGsEBdF979Htft', 'rO0ABXNyABNqYXZhLnV0aWwuQXJyYXlMaXN0eIHSHZnHYZ0DAAFJAARzaXpleHAAAAAFdwQAAAAK\r\nc3IAJ2NvbS5xcS5jc3Rhci5zcGVlZHltZWFsLmVudGl0eS5Mb2NhdGlvbtrH27uWk7oEAgACRAAI\r\nbGF0aXR1ZGVEAAlsb25naXR1ZGV4cEBD9Dv3JxNqQF0YVQhwEQpzcQB+AAJAQ/atga3qiUBdGDvN\r\nNahYc3EAfgACQEP2ixmkFfRAXRctyxRl6XNxAH4AAkBD82icoYvWQF0XDArQPZtzcQB+AAJAQ/OG\r\nwiaAnUBdGEytV7x/eA==', 0),
(70, 11, 'ÂπøÂÆâÈó®ÂçóÊª®Ê≤≥Ë∑ØÂ∫ó', 'Âåó‰∫¨Â∏ÇÂÆ£Ê≠¶Âå∫È∏≠Â≠êÊ°•Ë∑Ø', '010-11111112', 'rO0ABXNyACdjb20ucXEuY3N0YXIuc3BlZWR5bWVhbC5lbnRpdHkuTG9jYXRpb27ax9u7lpO6BAIA\r\nAkQACGxhdGl0dWRlRAAJbG9uZ2l0dWRleHBAQ/DJUPdv6EBdFksVbRtE', 'rO0ABXNyABNqYXZhLnV0aWwuQXJyYXlMaXN0eIHSHZnHYZ0DAAFJAARzaXpleHAAAAABdwQAAAAK\r\nc3IAJ2NvbS5xcS5jc3Rhci5zcGVlZHltZWFsLmVudGl0eS5Mb2NhdGlvbtrH27uWk7oEAgACRAAI\r\nbGF0aXR1ZGVEAAlsb25naXR1ZGV4cEBD8PAwfyPNQF0Xhhpg1FZ4', 0),
(71, 11, '7Âè∑Â∫ó', 'Âåó‰∫¨Â∏Ç‰∏úÂüéÂå∫Â∑¶ÂÆâÈó®ÂÜÖÂ§ßË°ó', '010-22222223', 'rO0ABXNyACdjb20ucXEuY3N0YXIuc3BlZWR5bWVhbC5lbnRpdHkuTG9jYXRpb27ax9u7lpO6BAIA\r\nAkQACGxhdGl0dWRlRAAJbG9uZ2l0dWRleHBAQ/AdtCIP+EBdG/gNHpi4', 'rO0ABXNyABNqYXZhLnV0aWwuQXJyYXlMaXN0eIHSHZnHYZ0DAAFJAARzaXpleHAAAAABdwQAAAAK\r\nc3IAJ2NvbS5xcS5jc3Rhci5zcGVlZHltZWFsLmVudGl0eS5Mb2NhdGlvbtrH27uWk7oEAgACRAAI\r\nbGF0aXR1ZGVEAAlsb25naXR1ZGV4cEBD8TZQHiWFQF0bmHP/rB14', 0),
(72, 11, '5Âè∑Â∫ó', 'Âåó‰∫¨Â∏ÇË•øÂüéÂå∫ÂçóÁ∫¨Ë∑Ø', '010-33565613', 'rO0ABXNyACdjb20ucXEuY3N0YXIuc3BlZWR5bWVhbC5lbnRpdHkuTG9jYXRpb27ax9u7lpO6BAIA\r\nAkQACGxhdGl0dWRlRAAJbG9uZ2l0dWRleHBAQ/EUZ8DKHEBdGSJtHsRv', 'rO0ABXNyABNqYXZhLnV0aWwuQXJyYXlMaXN0eIHSHZnHYZ0DAAFJAARzaXpleHAAAAABdwQAAAAK\r\nc3IAJ2NvbS5xcS5jc3Rhci5zcGVlZHltZWFsLmVudGl0eS5Mb2NhdGlvbtrH27uWk7oEAgACRAAI\r\nbGF0aXR1ZGVEAAlsb25naXR1ZGV4cEBD8jWTX8O1QF0ZyEtdzGR4', 0),
(73, 11, 'ÂÖ¨‰∏ªÂùüÂ∫ó', '‰∏≠ÂõΩÂåó‰∫¨Â∏ÇÊµ∑Ê∑ÄÂå∫Â§çÂÖ¥Ë∑ØÁî≤23Âè∑', '010-68298777', 'rO0ABXNyACdjb20ucXEuY3N0YXIuc3BlZWR5bWVhbC5lbnRpdHkuTG9jYXRpb27ax9u7lpO6BAIA\r\nAkQACGxhdGl0dWRlRAAJbG9uZ2l0dWRleHBAQ/TtATA3PEBdEwo1UIp1', 'rO0ABXNyABNqYXZhLnV0aWwuQXJyYXlMaXN0eIHSHZnHYZ0DAAFJAARzaXpleHAAAAAGdwQAAAAK\r\nc3IAJ2NvbS5xcS5jc3Rhci5zcGVlZHltZWFsLmVudGl0eS5Mb2NhdGlvbtrH27uWk7oEAgACRAAI\r\nbGF0aXR1ZGVEAAlsb25naXR1ZGV4cEBD9LCemNzbQF0VuGbkOqhzcQB+AAJAQ/f1g6U7jkBdFbhm\r\n5Dqoc3EAfgACQEP3wb2lEZ1AXRDopx3mm3NxAH4AAkBD8XPqs2ehQF0QxubZvk1zcQB+AAJAQ/Gf\r\nK6nR9kBdE88DB/I9c3EAfgACQEPyf6GgzxhAXRU8s+V1Ong=', 0),
(74, 11, '11Âè∑Â∫ó', 'Âåó‰∫¨Â∏Ç‰∏∞Âè∞Âå∫Âçó‰∏âÁéØ‰∏úË∑Ø29Âè∑', '010-67657363', 'rO0ABXNyACdjb20ucXEuY3N0YXIuc3BlZWR5bWVhbC5lbnRpdHkuTG9jYXRpb27ax9u7lpO6BAIA\r\nAkQACGxhdGl0dWRlRAAJbG9uZ2l0dWRleHBAQ+3Czg95fEBdGzGrGOKE', 'rO0ABXNyABNqYXZhLnV0aWwuQXJyYXlMaXN0eIHSHZnHYZ0DAAFJAARzaXpleHAAAAAFdwQAAAAK\r\nc3IAJ2NvbS5xcS5jc3Rhci5zcGVlZHltZWFsLmVudGl0eS5Mb2NhdGlvbtrH27uWk7oEAgACRAAI\r\nbGF0aXR1ZGVEAAlsb25naXR1ZGV4cEBD7lWwNb1RQF0ZPQfIS15zcQB+AAJAQ+t3W4EwFkBdGW+o\r\nLofTc3EAfgACQEPsCnxaxHJAXR1vfj0cwXNxAH4AAkBD7zYmLLpzQF0dQm/nGKhzcQB+AAJAQ+/a\r\nURnOB0BdHMEA5q/NeA==', 0),
(75, 11, 'Âª∫Â§ñSOHOÂ∫ó', 'Âåó‰∫¨Â∏ÇÊúùÈò≥Âå∫Âª∫Â§ñsoho', '010-59002410', 'rO0ABXNyACdjb20ucXEuY3N0YXIuc3BlZWR5bWVhbC5lbnRpdHkuTG9jYXRpb27ax9u7lpO6BAIA\r\nAkQACGxhdGl0dWRlRAAJbG9uZ2l0dWRleHBAQ/QSncGfkEBdHUWoMlrj', 'rO0ABXNyABNqYXZhLnV0aWwuQXJyYXlMaXN0eIHSHZnHYZ0DAAFJAARzaXpleHAAAAABdwQAAAAK\r\nc3IAJ2NvbS5xcS5jc3Rhci5zcGVlZHltZWFsLmVudGl0eS5Mb2NhdGlvbtrH27uWk7oEAgACRAAI\r\nbGF0aXR1ZGVEAAlsb25naXR1ZGV4cEBD9oh6jWTYQF0edXko4Mp4', 0),
(76, 11, '‰∏úÁõ¥Èó®Â§ñÂ§ßË°óÂ∫ó', 'Âåó‰∫¨Â∏Ç‰∏úÂüéÂå∫‰∏úÁõ¥Èó®Â§ñÂ§ßË°ó48Âè∑', '010-84477891', 'rO0ABXNyACdjb20ucXEuY3N0YXIuc3BlZWR5bWVhbC5lbnRpdHkuTG9jYXRpb27ax9u7lpO6BAIA\r\nAkQACGxhdGl0dWRlRAAJbG9uZ2l0dWRleHBAQ/h7K4MhJEBdG+ctHpm6', 'rO0ABXNyABNqYXZhLnV0aWwuQXJyYXlMaXN0eIHSHZnHYZ0DAAFJAARzaXpleHAAAAAGdwQAAAAK\r\nc3IAJ2NvbS5xcS5jc3Rhci5zcGVlZHltZWFsLmVudGl0eS5Mb2NhdGlvbtrH27uWk7oEAgACRAAI\r\nbGF0aXR1ZGVEAAlsb25naXR1ZGV4cEBD+TBqKxcFQF0a+A3DNyJzcQB+AAJAQ/lfmcOLBUBdHH75\r\n2yLRc3EAfgACQEP5Da4+bExAXRzhcZ9/jXNxAH4AAkBD99deIEbHQF0dCO3lS0lzcQB+AAJAQ/cV\r\nDa4+bEBdHOn2qT8pc3EAfgACQEP29ugpSaVAXRre0ojOcHg=', 0),
(77, 11, 'Êû´ÂÖ∞Ë¥≠Áâ©‰∏≠ÂøÉÂ∫ó', 'Âåó‰∫¨Â∏Ç‰∏úÂüéÂå∫ÊñáÊÖßÊ°•Êû´ÁØÆË¥≠Áâ©‰∏≠ÂøÉ', '010-65590400', 'rO0ABXNyACdjb20ucXEuY3N0YXIuc3BlZWR5bWVhbC5lbnRpdHkuTG9jYXRpb27ax9u7lpO6BAIA\r\nAkQACGxhdGl0dWRlRAAJbG9uZ2l0dWRleHBAQ/pc78lJBEBdFrAGM6vr', 'rO0ABXNyABNqYXZhLnV0aWwuQXJyYXlMaXN0eIHSHZnHYZ0DAAFJAARzaXpleHAAAAAFdwQAAAAK\r\nc3IAJ2NvbS5xcS5jc3Rhci5zcGVlZHltZWFsLmVudGl0eS5Mb2NhdGlvbtrH27uWk7oEAgACRAAI\r\nbGF0aXR1ZGVEAAlsb25naXR1ZGV4cEBD+xqfvnbJQF0V4qwyIpJzcQB+AAJAQ/l8w5/9YUBdFgoo\r\nd+5Oc3EAfgACQEP5a2WpqAVAXRblijL0SXNxAH4AAkBD+dLxqfvnQF0Xd69kBjpzcQB+AAJAQ/sW\r\nXTmW+0BdF3p4bCJoeA==', 0),
(78, 11, '55545Â∫ó', 'Âåó‰∫¨Â∏ÇË•øÂüéÂå∫Êñ∞Ë°óÂè£ÂçóÂ§ßË°ó24Âè∑', '010-66171021', 'rO0ABXNyACdjb20ucXEuY3N0YXIuc3BlZWR5bWVhbC5lbnRpdHkuTG9jYXRpb27ax9u7lpO6BAIA\r\nAkQACGxhdGl0dWRlRAAJbG9uZ2l0dWRleHBAQ/h223Vy6EBdF9O9Htib', 'rO0ABXNyABNqYXZhLnV0aWwuQXJyYXlMaXN0eIHSHZnHYZ0DAAFJAARzaXpleHAAAAABdwQAAAAK\r\nc3IAJ2NvbS5xcS5jc3Rhci5zcGVlZHltZWFsLmVudGl0eS5Mb2NhdGlvbtrH27uWk7oEAgACRAAI\r\nbGF0aXR1ZGVEAAlsb25naXR1ZGV4cEBD9+hoM8YAQF0YRChN/ON4', 0),
(79, 11, 'ËãèÂ∑ûË°óÂ∫ó', 'Âåó‰∫¨Â∏ÇÊµ∑Ê∑ÄÂå∫Êµ∑Ê∑ÄÂçóË∑Ø13Âè∑', '010-62625945', 'rO0ABXNyACdjb20ucXEuY3N0YXIuc3BlZWR5bWVhbC5lbnRpdHkuTG9jYXRpb27ax9u7lpO6BAIA\r\nAkQACGxhdGl0dWRlRAAJbG9uZ2l0dWRleHBAQ/zk0FfpvEBdE15bqsBM', 'rO0ABXNyABNqYXZhLnV0aWwuQXJyYXlMaXN0eIHSHZnHYZ0DAAFJAARzaXpleHAAAAABdwQAAAAK\r\nc3IAJ2NvbS5xcS5jc3Rhci5zcGVlZHltZWFsLmVudGl0eS5Mb2NhdGlvbtrH27uWk7oEAgACRAAI\r\nbGF0aXR1ZGVEAAlsb25naXR1ZGV4cEBD+65oXbdrQF0T1Gsmv4d4', 0),
(80, 11, '46546Â∫ó', 'Âåó‰∫¨Â∏Ç‰∏∞Âè∞Âå∫‰∏úÂ§ßË°ó', '010-63773159', 'rO0ABXNyACdjb20ucXEuY3N0YXIuc3BlZWR5bWVhbC5lbnRpdHkuTG9jYXRpb27ax9u7lpO6BAIA\r\nAkQACGxhdGl0dWRlRAAJbG9uZ2l0dWRleHBAQ+29dgbzgEBdExcO02Oh', 'rO0ABXNyABNqYXZhLnV0aWwuQXJyYXlMaXN0eIHSHZnHYZ0DAAFJAARzaXpleHAAAAABdwQAAAAK\r\nc3IAJ2NvbS5xcS5jc3Rhci5zcGVlZHltZWFsLmVudGl0eS5Mb2NhdGlvbtrH27uWk7oEAgACRAAI\r\nbGF0aXR1ZGVEAAlsb25naXR1ZGV4cEBD8CtA9mpVQF0Sm1IAfdR4', 0),
(81, 11, 'È©¨ÂÆ∂Â†°Ë•øË∑ØÂ∫ó', 'Âåó‰∫¨Â∏Ç‰∏∞Âè∞Âå∫È©¨ÂÆ∂Â†°Ë•øË∑Ø', '010-46546426', 'rO0ABXNyACdjb20ucXEuY3N0YXIuc3BlZWR5bWVhbC5lbnRpdHkuTG9jYXRpb27ax9u7lpO6BAIA\r\nAkQACGxhdGl0dWRlRAAJbG9uZ2l0dWRleHBAQ+qWr49oaEBdFp5dHkhI', 'rO0ABXNyABNqYXZhLnV0aWwuQXJyYXlMaXN0eIHSHZnHYZ0DAAFJAARzaXpleHAAAAAFdwQAAAAK\r\nc3IAJ2NvbS5xcS5jc3Rhci5zcGVlZHltZWFsLmVudGl0eS5Mb2NhdGlvbtrH27uWk7oEAgACRAAI\r\nbGF0aXR1ZGVEAAlsb25naXR1ZGV4cEBD6rB0p3HJQF0Vt78ejmFzcQB+AAJAQ+wF5fMOgEBdFcto\r\nSL62c3EAfgACQEPryUcGTs9AXRehIvrWy3NxAH4AAkBD6diDujREQF0XcUuctoVzcQB+AAJAQ+mt\r\nQsPJ70BdFZX+2mYTeA==', 0),
(82, 11, 'Áü≥ÊôØÂ±±Ë∑ØÂ∫ó', 'Âåó‰∫¨Â∏ÇÁü≥ÊôØÂ±±Âå∫Áü≥ÊôØÂ±±Ë∑ØÔºàÂçéËÅîÂïÜÂé¶1Â±ÇÔºâ', '010-68666688', 'rO0ABXNyACdjb20ucXEuY3N0YXIuc3BlZWR5bWVhbC5lbnRpdHkuTG9jYXRpb27ax9u7lpO6BAIA\r\nAkQACGxhdGl0dWRlRAAJbG9uZ2l0dWRleHBAQ/QSzk+/eEBdDgXIjme1', 'rO0ABXNyABNqYXZhLnV0aWwuQXJyYXlMaXN0eIHSHZnHYZ0DAAFJAARzaXpleHAAAAABdwQAAAAK\r\nc3IAJ2NvbS5xcS5jc3Rhci5zcGVlZHltZWFsLmVudGl0eS5Mb2NhdGlvbtrH27uWk7oEAgACRAAI\r\nbGF0aXR1ZGVEAAlsb25naXR1ZGV4cEBD9/u9eyAyQF0OMspXp4d4', 0),
(83, 11, 'Áü≥ÊùøÊàøÂçóË∑ØÂ∫ó', 'Âåó‰∫¨Â∏ÇÊµ∑Ê∑ÄÂå∫Áü≥ÊùøÊàøÂçóË∑Ø', '010-56994986', 'rO0ABXNyACdjb20ucXEuY3N0YXIuc3BlZWR5bWVhbC5lbnRpdHkuTG9jYXRpb27ax9u7lpO6BAIA\r\nAkQACGxhdGl0dWRlRAAJbG9uZ2l0dWRleHBARAIYkNGCMEBdFoDVH90n', 'rO0ABXNyABNqYXZhLnV0aWwuQXJyYXlMaXN0eIHSHZnHYZ0DAAFJAARzaXpleHAAAAABdwQAAAAK\r\nc3IAJ2NvbS5xcS5jc3Rhci5zcGVlZHltZWFsLmVudGl0eS5Mb2NhdGlvbtrH27uWk7oEAgACRAAI\r\nbGF0aXR1ZGVEAAlsb25naXR1ZGV4cEBEA0Y0l7dBQF0YQtjCpFV4', 0),
(84, 11, 'ÈÖí‰ªôÊ°•Â∫ó', 'Âåó‰∫¨Â∏ÇÊúùÈò≥Âå∫ÈÖíÈ≤úÊ°•Ë∑ØÁî≤10Âè∑Â¶ôÂÖ∏Êó∂Â∞öÂπøÂú∫2Â±Ç', '010-64385885', 'rO0ABXNyACdjb20ucXEuY3N0YXIuc3BlZWR5bWVhbC5lbnRpdHkuTG9jYXRpb27ax9u7lpO6BAIA\r\nAkQACGxhdGl0dWRlRAAJbG9uZ2l0dWRleHBAQ/4iuhlICEBdH1v8Rlwn', 'rO0ABXNyABNqYXZhLnV0aWwuQXJyYXlMaXN0eIHSHZnHYZ0DAAFJAARzaXpleHAAAAAHdwQAAAAK\r\nc3IAJ2NvbS5xcS5jc3Rhci5zcGVlZHltZWFsLmVudGl0eS5Mb2NhdGlvbtrH27uWk7oEAgACRAAI\r\nbGF0aXR1ZGVEAAlsb25naXR1ZGV4cEBD/oGY8dPtQF0ePRzBAOdzcQB+AAJAQ/+Q6p5u60BdHcb7\r\n0nPWc3EAfgACQEQAPUaya/hAXR4S13MY/HNxAH4AAkBD/yDZlFtsQF0gClJpWWBzcQB+AAJAQ/3V\r\nPN3W4EBdIEV32VVxc3EAfgACQEP9JEpiI+JAXR/xFy7wrnNxAH4AAkBD/SRKYiPiQF0e4EwFkhB4\r\n', 0);

-- --------------------------------------------------------

--
-- Table structure for table `invoice`
--

DROP TABLE IF EXISTS `invoice`;
CREATE TABLE IF NOT EXISTS `invoice` (
  `oid` int(10) NOT NULL AUTO_INCREMENT,
  `uid` int(10) NOT NULL,
  `mid` int(10) NOT NULL,
  `bid` int(10) NOT NULL,
  `status` int(5) DEFAULT '0',
  `orderTime` datetime DEFAULT NULL,
  `orderItems` varchar(1024) DEFAULT NULL,
  PRIMARY KEY (`oid`),
  KEY `order_merchant` (`mid`),
  KEY `order_user` (`uid`)
) ENGINE=InnoDB  DEFAULT CHARSET=utf8 AUTO_INCREMENT=8 ;

--
-- Dumping data for table `invoice`
--

INSERT INTO `invoice` (`oid`, `uid`, `mid`, `bid`, `status`, `orderTime`, `orderItems`) VALUES
(7, 13, 7, 27, 0, '2011-06-05 07:52:27', 'rO0ABXNyABNqYXZhLnV0aWwuQXJyYXlMaXN0eIHSHZnHYZ0DAAFJAARzaXpleHAAAAABdwQAAAAK\r\nc3IAKGNvbS5xcS5jc3Rhci5zcGVlZHltZWFsLmVudGl0eS5PcmRlckl0ZW3e0pbxz/rA1AIAAkkA\r\nBnBpZWNlc0wABG1lbnV0ACVMY29tL3FxL2NzdGFyL3NwZWVkeW1lYWwvZW50aXR5L01lbnU7eHAA\r\nAAABc3IAI2NvbS5xcS5jc3Rhci5zcGVlZHltZWFsLmVudGl0eS5NZW51lSdoPkrDZ+cCAAVJAARt\r\nZWlkRAANbWVudUl0ZW1QcmljZUkAA21pZEwADG1lbnVJdGVtTmFtZXQAEkxqYXZhL2xhbmcvU3Ry\r\naW5nO0wAB21lbnVQaWNxAH4ABnhwAAAAD0AqAAAAAAAAAAAAB3QAD+WKsuiEhum4oeiFv+WgoXB4\r\n');

-- --------------------------------------------------------

--
-- Table structure for table `menu`
--

DROP TABLE IF EXISTS `menu`;
CREATE TABLE IF NOT EXISTS `menu` (
  `meid` int(10) NOT NULL AUTO_INCREMENT,
  `mid` int(10) NOT NULL,
  `menuItemName` varchar(100) NOT NULL,
  `menuItemPrice` double(6,2) NOT NULL,
  `menuPic` varchar(100) DEFAULT NULL,
  `md_timestamp` timestamp NOT NULL DEFAULT CURRENT_TIMESTAMP ON UPDATE CURRENT_TIMESTAMP,
  PRIMARY KEY (`meid`),
  KEY `menu_merchant` (`mid`)
) ENGINE=InnoDB  DEFAULT CHARSET=utf8 AUTO_INCREMENT=45 ;

--
-- Dumping data for table `menu`
--

INSERT INTO `menu` (`meid`, `mid`, `menuItemName`, `menuItemPrice`, `menuPic`, `md_timestamp`) VALUES
(14, 7, 'È¶ôËæ£È∏°ËÖøÂ†°', 13.00, NULL, '2011-05-29 06:26:42'),
(15, 7, 'Âä≤ËÑÜÈ∏°ËÖøÂ†°', 13.00, NULL, '2011-05-29 06:26:56'),
(16, 7, 'Â••Â∞îËâØÁÉ§È∏°ËÖøÂ†°', 14.00, NULL, '2011-05-29 11:49:49'),
(17, 7, 'Áî∞Âõ≠ËÑÜÈ∏°Â†°', 8.50, NULL, '2011-05-29 06:28:30'),
(18, 7, 'Ëá≥ÁèçÂÖ®ËôæÂ†°', 15.00, NULL, '2011-05-29 06:28:50'),
(19, 7, 'Â∑ùËæ£Â´©Áâõ‰∫îÊñπ', 14.50, NULL, '2011-05-29 06:29:00'),
(20, 9, 'ÁâõËÖ©Á±≥Á≤âÂ•óÈ§ê', 16.00, NULL, '2011-05-29 08:01:47'),
(21, 9, 'Âç§ËèúÁ±≥Á≤âÂ•óÈ§ê', 16.00, NULL, '2011-05-29 08:02:39'),
(22, 9, 'ÂèâÁÉßÁ±≥Á≤âÂ•óÈ§ê', 16.00, NULL, '2011-05-29 08:02:36'),
(24, 9, 'ÈîÖÁÉßÁ±≥Á≤âÂ•óÈ§ê', 16.00, NULL, '2011-05-29 08:02:46'),
(29, 11, 'ÊãõÁâåÁâõËÇâÈ•≠/Ê†á', 17.50, NULL, '2011-06-01 13:46:02'),
(30, 11, 'Ê∂¶ÁÉß‰∏úÂù°È•≠/Ê†á', 17.50, NULL, '2011-06-01 13:46:05'),
(31, 11, 'Â±±Ë¥ºÁÉßÈ∏°È•≠/Ê†á', 18.50, NULL, '2011-06-01 13:46:11'),
(34, 10, 'È¶ôËÑÜÈ∏°ËÇâÊØîËê®/9''', 59.00, NULL, '2011-06-06 10:44:05'),
(35, 10, 'È≤úÈ¶ôÂüπÊ†πÊØîËê®/9''', 39.00, NULL, '2011-06-06 10:45:11'),
(36, 10, 'Ë∂ÖÁ∫ßËá≥Â∞ä/9''', 52.00, NULL, '2011-06-06 10:46:00'),
(37, 10, 'Êµ∑È≤úËá≥Â∞ä/9'' ', 52.00, NULL, '2011-06-06 10:46:28'),
(38, 10, 'ËÇâÈ¶ôËá≥Â∞ä/9''', 52.00, NULL, '2011-06-06 10:46:52'),
(39, 10, 'ÁæéÂºèÁ≤æÈÄâ/9''', 46.00, NULL, '2011-06-06 10:48:14'),
(40, 10, 'Áî∞Âõ≠È£éÂÖâ/9''', 46.00, NULL, '2011-06-06 10:49:28'),
(42, 10, '‰π≥ÈÖ™Â§ß‰ºö/9''', 45.00, NULL, '2011-06-06 10:48:48'),
(43, 11, ' ÂíñÂñ±ÁâõËÇâÈ•≠/Ê†á', 17.50, NULL, '2011-06-06 11:06:28'),
(44, 11, '‰ªÄÈî¶ËòëËèáÈ•≠', 15.50, NULL, '2011-06-06 11:06:58');

-- --------------------------------------------------------

--
-- Table structure for table `merchant`
--

DROP TABLE IF EXISTS `merchant`;
CREATE TABLE IF NOT EXISTS `merchant` (
  `mid` int(10) NOT NULL AUTO_INCREMENT,
  `username` varchar(20) NOT NULL,
  `pwd` varchar(130) NOT NULL,
  `email` varchar(50) NOT NULL,
  `phone` varchar(20) DEFAULT NULL,
  `address` varchar(500) DEFAULT NULL,
  `companyName` varchar(100) NOT NULL,
  `status` int(10) DEFAULT NULL,
  `credits` int(10) DEFAULT NULL,
  `cr_timestamp` timestamp NOT NULL DEFAULT CURRENT_TIMESTAMP ON UPDATE CURRENT_TIMESTAMP,
  PRIMARY KEY (`mid`)
) ENGINE=InnoDB  DEFAULT CHARSET=utf8 AUTO_INCREMENT=13 ;

--
-- Dumping data for table `merchant`
--

INSERT INTO `merchant` (`mid`, `username`, `pwd`, `email`, `phone`, `address`, `companyName`, `status`, `credits`, `cr_timestamp`) VALUES
(7, 'kfc', 'e10adc3949ba59abbe56e057f20f883e', 'kfc@gmail.com', '4008823823', 'Âåó‰∫¨Â∏Ç', 'ËÇØÂæ∑Âü∫ÔºàKFCÔºâ', 0, 0, '2011-05-29 10:55:35'),
(9, 'sgg', 'e10adc3949ba59abbe56e057f20f883e', 'admin@51guigui.com', '010-81828000', 'Êµ∑Ê∑ÄÂå∫Áü•Êò•Ë∑Ø29Âè∑Â§ßËøêÊùëÂÖ¨ÂØì7Âè∑Ê•ºÂ∫ï', 'ÁàΩÔºÅÊ°ÇÊ°Ç', 0, 0, '2011-05-29 10:55:48'),
(10, 'bsk', 'e10adc3949ba59abbe56e057f20f883e', 'bsk@gmail.com', '010-12345678', NULL, 'ÂøÖËÉúÂÆ¢', 0, 0, '2011-05-29 13:32:21'),
(11, 'jiyejia', 'e10adc3949ba59abbe56e057f20f883e', 'jiyejia@jyj.com', '010-670285388', NULL, 'ÂêâÈáéÂÆ∂Yoshinoya', 0, 0, '2011-06-05 03:32:03');

-- --------------------------------------------------------

--
-- Table structure for table `user`
--

DROP TABLE IF EXISTS `user`;
CREATE TABLE IF NOT EXISTS `user` (
  `uid` int(10) NOT NULL AUTO_INCREMENT,
  `username` varchar(20) NOT NULL,
  `pwd` varchar(130) NOT NULL,
  `email` varchar(50) NOT NULL,
  `phone` varchar(20) DEFAULT NULL,
  `credit` int(11) unsigned DEFAULT '0',
  `status` int(11) DEFAULT '0',
  `location` varchar(1024) DEFAULT NULL,
  `address` varchar(500) DEFAULT NULL,
  `cr_timestamp` timestamp NOT NULL DEFAULT CURRENT_TIMESTAMP ON UPDATE CURRENT_TIMESTAMP,
  PRIMARY KEY (`uid`)
) ENGINE=InnoDB  DEFAULT CHARSET=utf8 AUTO_INCREMENT=15 ;

--
-- Dumping data for table `user`
--

INSERT INTO `user` (`uid`, `username`, `pwd`, `email`, `phone`, `credit`, `status`, `location`, `address`, `cr_timestamp`) VALUES
(13, 'yecol', 'e10adc3949ba59abbe56e057f20f883e', 'xujb1987@gmail.com', '15011019321', 0, 0, 'rO0ABXNyACdjb20ucXEuY3N0YXIuc3BlZWR5bWVhbC5lbnRpdHkuTG9jYXRpb27ax9u7lpO6BAIA\r\nAkQACGxhdGl0dWRlRAAJbG9uZ2l0dWRleHBAQ/3ScU7uqEBdFlHZ2VQX', 'Âåó‰∫¨Â∏ÇÊµ∑Ê∑ÄÂå∫Â≠¶Èô¢Ë∑Ø37Âè∑Ëà™Á©∫Ëà™Â§©Â§ßÂ≠¶', '2011-05-29 08:37:03');

--
-- Constraints for dumped tables
--

--
-- Constraints for table `branch`
--
ALTER TABLE `branch`
  ADD CONSTRAINT `branch_merchant` FOREIGN KEY (`mid`) REFERENCES `merchant` (`mid`) ON DELETE CASCADE;

--
-- Constraints for table `invoice`
--
ALTER TABLE `invoice`
  ADD CONSTRAINT `order_user` FOREIGN KEY (`uid`) REFERENCES `user` (`uid`) ON DELETE CASCADE ON UPDATE CASCADE,
  ADD CONSTRAINT `order_merchant` FOREIGN KEY (`mid`) REFERENCES `merchant` (`mid`) ON DELETE CASCADE ON UPDATE CASCADE;

--
-- Constraints for table `menu`
--
ALTER TABLE `menu`
  ADD CONSTRAINT `menu_merchant` FOREIGN KEY (`mid`) REFERENCES `merchant` (`mid`) ON DELETE CASCADE;

/*!40101 SET CHARACTER_SET_CLIENT=@OLD_CHARACTER_SET_CLIENT */;
/*!40101 SET CHARACTER_SET_RESULTS=@OLD_CHARACTER_SET_RESULTS */;
/*!40101 SET COLLATION_CONNECTION=@OLD_COLLATION_CONNECTION */;
